codigo_ibge;municipio_uf;periodo;area_km2
1100015;Alta Floresta D'Oeste - RO;2010;7067.0
1100023;Ariquemes - RO;2010;4426.6
1100031;Cabixi - RO;2010;1314.4
1100049;Cacoal - RO;2010;3792.8
1100056;Cerejeiras - RO;2010;2783.3
1100064;Colorado do Oeste - RO;2010;1451.1
1100072;Corumbiara - RO;2010;3060.3
1100080;Costa Marques - RO;2010;4987.2
1100098;Espigão D'Oeste - RO;2010;4518.0
1100106;Guajará-Mirim - RO;2010;24855.8
1100114;Jaru - RO;2010;2944.1
1100122;Ji-Paraná - RO;2010;6896.7
1100130;Machadinho D'Oeste - RO;2010;8509.3
1100148;Nova Brasilândia D'Oeste - RO;2010;1155.4
1100155;Ouro Preto do Oeste - RO;2010;1969.9
1100189;Pimenta Bueno - RO;2010;6240.9
1100205;Porto Velho - RO;2010;34096.4
1100254;Presidente Médici - RO;2010;1758.5
1100262;Rio Crespo - RO;2010;1717.6
1100288;Rolim de Moura - RO;2010;1457.9
1100296;Santa Luzia D'Oeste - RO;2010;1197.8
1100304;Vilhena - RO;2010;11519.0
1100320;São Miguel do Guaporé - RO;2010;8007.9
1100338;Nova Mamoré - RO;2010;10071.7
1100346;Alvorada D'Oeste - RO;2010;3029.2
1100379;Alto Alegre dos Parecis - RO;2010;3958.3
1100403;Alto Paraíso - RO;2010;2651.8
1100452;Buritis - RO;2010;3265.8
1100502;Novo Horizonte do Oeste - RO;2010;843.4
1100601;Cacaulândia - RO;2010;1961.8
1100700;Campo Novo de Rondônia - RO;2010;3442.0
1100809;Candeias do Jamari - RO;2010;6843.9
1100908;Castanheiras - RO;2010;892.8
1100924;Chupinguaia - RO;2010;5126.7
1100940;Cujubim - RO;2010;3863.9
1101005;Governador Jorge Teixeira - RO;2010;5067.4
1101104;Itapuã do Oeste - RO;2010;4081.6
1101203;Ministro Andreazza - RO;2010;798.1
1101302;Mirante da Serra - RO;2010;1191.9
1101401;Monte Negro - RO;2010;1931.4
1101435;Nova União - RO;2010;807.1
1101450;Parecis - RO;2010;2548.7
1101468;Pimenteiras do Oeste - RO;2010;6014.7
1101476;Primavera de Rondônia - RO;2010;605.7
1101484;São Felipe D'Oeste - RO;2010;541.6
1101492;São Francisco do Guaporé - RO;2010;10959.8
1101500;Seringueiras - RO;2010;3773.5
1101559;Teixeirópolis - RO;2010;460.0
1101609;Theobroma - RO;2010;2197.4
1101708;Urupá - RO;2010;831.9
1101757;Vale do Anari - RO;2010;3135.1
1101807;Vale do Paraíso - RO;2010;965.7
1200013;Acrelândia - AC;2010;1807.9
1200054;Assis Brasil - AC;2010;4974.2
1200104;Brasiléia - AC;2010;3916.5
1200138;Bujari - AC;2010;3034.8
1200179;Capixaba - AC;2010;1702.6
1200203;Cruzeiro do Sul - AC;2010;8779.2
1200252;Epitaciolândia - AC;2010;1654.8
1200302;Feijó - AC;2010;27974.6
1200328;Jordão - AC;2010;5357.3
1200336;Mâncio Lima - AC;2010;5453.0
1200344;Manoel Urbano - AC;2010;10634.5
1200351;Marechal Thaumaturgo - AC;2010;8191.7
1200385;Plácido de Castro - AC;2010;1943.2
1200393;Porto Walter - AC;2010;6443.9
1200401;Rio Branco - AC;2010;8835.7
1200427;Rodrigues Alves - AC;2010;3077.0
1200435;Santa Rosa do Purus - AC;2010;6145.6
1200450;Senador Guiomard - AC;2010;2321.5
1200500;Sena Madureira - AC;2010;23751.3
1200609;Tarauacá - AC;2010;20171.0
1200708;Xapuri - AC;2010;5347.3
1200807;Porto Acre - AC;2010;2604.7
1300029;Alvarães - AM;2010;5911.8
1300060;Amaturá - AM;2010;4758.7
1300086;Anamã - AM;2010;2453.9
1300102;Anori - AM;2010;5795.3
1300144;Apuí - AM;2010;54239.9
1300201;Atalaia do Norte - AM;2010;76351.9
1300300;Autazes - AM;2010;7599.4
1300409;Barcelos - AM;2010;122476.0
1300508;Barreirinha - AM;2010;5750.6
1300607;Benjamin Constant - AM;2010;8793.4
1300631;Beruri - AM;2010;17250.7
1300680;Boa Vista do Ramos - AM;2010;2586.8
1300706;Boca do Acre - AM;2010;21952.8
1300805;Borba - AM;2010;44251.7
1300839;Caapiranga - AM;2010;9456.6
1300904;Canutama - AM;2010;29819.7
1301001;Carauari - AM;2010;25767.7
1301100;Careiro - AM;2010;6091.5
1301159;Careiro da Várzea - AM;2010;2631.1
1301209;Coari - AM;2010;57921.9
1301308;Codajás - AM;2010;18711.5
1301407;Eirunepé - AM;2010;15011.8
1301506;Envira - AM;2010;7499.4
1301605;Fonte Boa - AM;2010;12110.9
1301654;Guajará - AM;2010;7579.6
1301704;Humaitá - AM;2010;33071.8
1301803;Ipixuna - AM;2010;12044.8
1301852;Iranduba - AM;2010;2214.3
1301902;Itacoatiara - AM;2010;8892.0
1301951;Itamarati - AM;2010;25276.0
1302009;Itapiranga - AM;2010;4231.1
1302108;Japurá - AM;2010;55791.9
1302207;Juruá - AM;2010;19400.7
1302306;Jutaí - AM;2010;69551.9
1302405;Lábrea - AM;2010;68234.0
1302504;Manacapuru - AM;2010;7330.1
1302553;Manaquiri - AM;2010;3975.8
1302603;Manaus - AM;2010;11401.1
1302702;Manicoré - AM;2010;48282.7
1302801;Maraã - AM;2010;16910.4
1302900;Maués - AM;2010;39989.9
1303007;Nhamundá - AM;2010;14105.6
1303106;Nova Olinda do Norte - AM;2010;5608.6
1303205;Novo Airão - AM;2010;37771.3
1303304;Novo Aripuanã - AM;2010;41188.5
1303403;Parintins - AM;2010;5952.4
1303502;Pauini - AM;2010;41610.3
1303536;Presidente Figueiredo - AM;2010;25422.3
1303569;Rio Preto da Eva - AM;2010;5813.2
1303601;Santa Isabel do Rio Negro - AM;2010;62846.4
1303700;Santo Antônio do Içá - AM;2010;12307.2
1303809;São Gabriel da Cachoeira - AM;2010;109183.5
1303908;São Paulo de Olivença - AM;2010;19745.9
1303957;São Sebastião do Uatumã - AM;2010;10741.1
1304005;Silves - AM;2010;3748.8
1304062;Tabatinga - AM;2010;3224.9
1304104;Tapauá - AM;2010;89325.3
1304203;Tefé - AM;2010;23704.5
1304237;Tonantins - AM;2010;6432.7
1304260;Uarini - AM;2010;10246.2
1304302;Urucará - AM;2010;27903.4
1304401;Urucurituba - AM;2010;2906.7
1400027;Amajari - RR;2010;28472.3
1400050;Alto Alegre - RR;2010;25567.0
1400100;Boa Vista - RR;2010;5687.0
1400159;Bonfim - RR;2010;8095.4
1400175;Cantá - RR;2010;7664.8
1400209;Caracaraí - RR;2010;47410.9
1400233;Caroebe - RR;2010;12066.2
1400282;Iracema - RR;2010;14409.6
1400308;Mucajaí - RR;2010;12461.2
1400407;Normandia - RR;2010;6966.8
1400456;Pacaraima - RR;2010;8028.5
1400472;Rorainópolis - RR;2010;33594.0
1400506;São João da Baliza - RR;2010;4285.0
1400605;São Luiz do Anauá - RR;2010;1526.9
1400704;Uiramutã - RR;2010;8065.5
1500107;Abaetetuba - PA;2010;1610.6
1500131;Abel Figueiredo - PA;2010;614.3
1500206;Acará - PA;2010;4343.8
1500305;Afuá - PA;2010;8372.8
1500347;Água Azul do Norte - PA;2010;7113.9
1500404;Alenquer - PA;2010;23645.4
1500503;Almeirim - PA;2010;72954.5
1500602;Altamira - PA;2010;159533.4
1500701;Anajás - PA;2010;6921.7
1500800;Ananindeua - PA;2010;190.5
1500859;Anapu - PA;2010;11895.5
1500909;Augusto Corrêa - PA;2010;1091.5
1500958;Aurora do Pará - PA;2010;1811.8
1501006;Aveiro - PA;2010;17073.8
1501105;Bagre - PA;2010;4397.3
1501204;Baião - PA;2010;3758.3
1501253;Bannach - PA;2010;2956.6
1501303;Barcarena - PA;2010;1310.3
1501402;Belém - PA;2010;1059.4
1501451;Belterra - PA;2010;4398.4
1501501;Benevides - PA;2010;187.8
1501576;Bom Jesus do Tocantins - PA;2010;2816.5
1501600;Bonito - PA;2010;586.7
1501709;Bragança - PA;2010;2091.9
1501725;Brasil Novo - PA;2010;6362.6
1501758;Brejo Grande do Araguaia - PA;2010;1288.5
1501782;Breu Branco - PA;2010;3941.9
1501808;Breves - PA;2010;9550.5
1501907;Bujaru - PA;2010;1005.2
1501956;Cachoeira do Piriá - PA;2010;2462.0
1502004;Cachoeira do Arari - PA;2010;3101.7
1502103;Cametá - PA;2010;3081.4
1502152;Canaã dos Carajás - PA;2010;3146.4
1502202;Capanema - PA;2010;613.6
1502301;Capitão Poço - PA;2010;2899.5
1502400;Castanhal - PA;2010;1028.9
1502509;Chaves - PA;2010;13084.9
1502608;Colares - PA;2010;609.8
1502707;Conceição do Araguaia - PA;2010;5829.5
1502756;Concórdia do Pará - PA;2010;690.9
1502764;Cumaru do Norte - PA;2010;17085.0
1502772;Curionópolis - PA;2010;2368.7
1502806;Curralinho - PA;2010;3617.2
1502855;Curuá - PA;2010;1431.2
1502905;Curuçá - PA;2010;672.7
1502939;Dom Eliseu - PA;2010;5268.8
1502954;Eldorado do Carajás - PA;2010;2956.7
1503002;Faro - PA;2010;11770.6
1503044;Floresta do Araguaia - PA;2010;3444.3
1503077;Garrafão do Norte - PA;2010;1599.0
1503093;Goianésia do Pará - PA;2010;7023.9
1503101;Gurupá - PA;2010;8540.1
1503200;Igarapé-Açu - PA;2010;786.0
1503309;Igarapé-Miri - PA;2010;1996.8
1503408;Inhangapi - PA;2010;471.4
1503457;Ipixuna do Pará - PA;2010;5215.5
1503507;Irituia - PA;2010;1379.4
1503606;Itaituba - PA;2010;62040.1
1503705;Itupiranga - PA;2010;7880.1
1503754;Jacareacanga - PA;2010;53303.0
1503804;Jacundá - PA;2010;2008.3
1503903;Juruti - PA;2010;8305.1
1504000;Limoeiro do Ajuru - PA;2010;1490.2
1504059;Mãe do Rio - PA;2010;469.5
1504109;Magalhães Barata - PA;2010;323.7
1504208;Marabá - PA;2010;15128.4
1504307;Maracanã - PA;2010;857.2
1504406;Marapanim - PA;2010;796.0
1504422;Marituba - PA;2010;103.3
1504455;Medicilândia - PA;2010;8272.6
1504505;Melgaço - PA;2010;6774.0
1504604;Mocajuba - PA;2010;870.8
1504703;Moju - PA;2010;9094.1
1504802;Monte Alegre - PA;2010;18152.5
1504901;Muaná - PA;2010;3765.5
1504950;Nova Esperança do Piriá - PA;2010;2809.6
1504976;Nova Ipixuna - PA;2010;1564.2
1505007;Nova Timboteua - PA;2010;489.9
1505031;Novo Progresso - PA;2010;38162.4
1505064;Novo Repartimento - PA;2010;15398.7
1505106;Óbidos - PA;2010;28021.3
1505205;Oeiras do Pará - PA;2010;3852.3
1505304;Oriximiná - PA;2010;107603.2
1505403;Ourém - PA;2010;562.4
1505437;Ourilândia do Norte - PA;2010;14339.4
1505486;Pacajá - PA;2010;11832.3
1505494;Palestina do Pará - PA;2010;984.4
1505502;Paragominas - PA;2010;19341.9
1505536;Parauapebas - PA;2010;6957.3
1505551;Pau D'Arco - PA;2010;1671.4
1505601;Peixe-Boi - PA;2010;451.3
1505635;Piçarra - PA;2010;3312.7
1505650;Placas - PA;2010;7173.2
1505700;Ponta de Pedras - PA;2010;3365.1
1505809;Portel - PA;2010;25384.9
1505908;Porto de Moz - PA;2010;17423.2
1506005;Prainha - PA;2010;14786.7
1506104;Primavera - PA;2010;258.6
1506112;Quatipuru - PA;2010;324.3
1506138;Redenção - PA;2010;3823.8
1506161;Rio Maria - PA;2010;4114.6
1506187;Rondon do Pará - PA;2010;8246.4
1506195;Rurópolis - PA;2010;7021.3
1506203;Salinópolis - PA;2010;237.5
1506302;Salvaterra - PA;2010;1039.1
1506351;Santa Bárbara do Pará - PA;2010;278.2
1506401;Santa Cruz do Arari - PA;2010;1075.2
1506500;Santa Izabel do Pará - PA;2010;717.7
1506559;Santa Luzia do Pará - PA;2010;1356.1
1506583;Santa Maria das Barreiras - PA;2010;10330.2
1506609;Santa Maria do Pará - PA;2010;457.7
1506708;Santana do Araguaia - PA;2010;11591.5
1506807;Santarém - PA;2010;22886.8
1506906;Santarém Novo - PA;2010;229.5
1507003;Santo Antônio do Tauá - PA;2010;537.6
1507102;São Caetano de Odivelas - PA;2010;743.5
1507151;São Domingos do Araguaia - PA;2010;1392.5
1507201;São Domingos do Capim - PA;2010;1677.3
1507300;São Félix do Xingu - PA;2010;84213.1
1507409;São Francisco do Pará - PA;2010;479.6
1507458;São Geraldo do Araguaia - PA;2010;3168.4
1507466;São João da Ponta - PA;2010;195.9
1507474;São João de Pirabas - PA;2010;705.8
1507508;São João do Araguaia - PA;2010;1279.9
1507607;São Miguel do Guamá - PA;2010;1110.2
1507706;São Sebastião da Boa Vista - PA;2010;1632.2
1507755;Sapucaia - PA;2010;1298.2
1507805;Senador José Porfírio - PA;2010;14374.2
1507904;Soure - PA;2010;3517.3
1507953;Tailândia - PA;2010;4430.2
1507961;Terra Alta - PA;2010;206.4
1507979;Terra Santa - PA;2010;1896.5
1508001;Tomé-Açu - PA;2010;5145.3
1508035;Tracuateua - PA;2010;936.1
1508050;Trairão - PA;2010;11991.1
1508084;Tucumã - PA;2010;2512.6
1508100;Tucuruí - PA;2010;2086.2
1508126;Ulianópolis - PA;2010;5088.4
1508159;Uruará - PA;2010;10791.3
1508209;Vigia - PA;2010;539.1
1508308;Viseu - PA;2010;4915.0
1508357;Vitória do Xingu - PA;2010;3135.2
1508407;Xinguara - PA;2010;3779.3
1600055;Serra do Navio - AP;2010;7756.1
1600105;Amapá - AP;2010;9175.9
1600154;Pedra Branca do Amapari - AP;2010;9495.5
1600204;Calçoene - AP;2010;14269.3
1600212;Cutias - AP;2010;2114.2
1600238;Ferreira Gomes - AP;2010;5046.2
1600253;Itaubal - AP;2010;1704.0
1600279;Laranjal do Jari - AP;2010;30971.8
1600303;Macapá - AP;2010;6408.5
1600402;Mazagão - AP;2010;13130.9
1600501;Oiapoque - AP;2010;22625.1
1600535;Porto Grande - AP;2010;4401.8
1600550;Pracuúba - AP;2010;4956.5
1600600;Santana - AP;2010;1579.6
1600709;Tartarugalzinho - AP;2010;6709.6
1600808;Vitória do Jari - AP;2010;2482.9
1700251;Abreulândia - TO;2010;1895.2
1700301;Aguiarnópolis - TO;2010;235.4
1700350;Aliança do Tocantins - TO;2010;1579.7
1700400;Almas - TO;2010;4013.2
1700707;Alvorada - TO;2010;1212.2
1701002;Ananás - TO;2010;1577.0
1701051;Angico - TO;2010;451.7
1701101;Aparecida do Rio Negro - TO;2010;1160.4
1701309;Aragominas - TO;2010;1173.1
1701903;Araguacema - TO;2010;2778.5
1702000;Araguaçu - TO;2010;5167.9
1702109;Araguaína - TO;2010;4000.4
1702158;Araguanã - TO;2010;836.0
1702208;Araguatins - TO;2010;2625.3
1702307;Arapoema - TO;2010;1552.2
1702406;Arraias - TO;2010;5786.9
1702554;Augustinópolis - TO;2010;395.0
1702703;Aurora do Tocantins - TO;2010;752.8
1702901;Axixá do Tocantins - TO;2010;150.2
1703008;Babaçulândia - TO;2010;1788.5
1703057;Bandeirantes do Tocantins - TO;2010;1541.8
1703073;Barra do Ouro - TO;2010;1106.3
1703107;Barrolândia - TO;2010;713.3
1703206;Bernardo Sayão - TO;2010;926.9
1703305;Bom Jesus do Tocantins - TO;2010;1332.7
1703602;Brasilândia do Tocantins - TO;2010;641.5
1703701;Brejinho de Nazaré - TO;2010;1724.4
1703800;Buriti do Tocantins - TO;2010;251.9
1703826;Cachoeirinha - TO;2010;352.3
1703842;Campos Lindos - TO;2010;3240.2
1703867;Cariri do Tocantins - TO;2010;1128.6
1703883;Carmolândia - TO;2010;339.4
1703891;Carrasco Bonito - TO;2010;192.9
1703909;Caseara - TO;2010;1691.6
1704105;Centenário - TO;2010;1954.7
1704600;Chapada de Areia - TO;2010;659.2
1705102;Chapada da Natividade - TO;2010;1646.5
1705508;Colinas do Tocantins - TO;2010;843.8
1705557;Combinado - TO;2010;209.6
1705607;Conceição do Tocantins - TO;2010;2500.7
1706001;Couto Magalhães - TO;2010;1585.8
1706100;Cristalândia - TO;2010;1848.2
1706258;Crixás do Tocantins - TO;2010;986.7
1706506;Darcinópolis - TO;2010;1639.2
1707009;Dianópolis - TO;2010;3217.1
1707108;Divinópolis do Tocantins - TO;2010;2347.4
1707207;Dois Irmãos do Tocantins - TO;2010;3757.0
1707306;Dueré - TO;2010;3424.8
1707405;Esperantina - TO;2010;504.0
1707553;Fátima - TO;2010;382.9
1707652;Figueirópolis - TO;2010;1930.1
1707702;Filadélfia - TO;2010;1988.1
1708205;Formoso do Araguaia - TO;2010;13423.3
1708254;Tabocão - TO;2010;621.6
1708304;Goianorte - TO;2010;1801.0
1709005;Goiatins - TO;2010;6408.6
1709302;Guaraí - TO;2010;2268.2
1709500;Gurupi - TO;2010;1836.1
1709807;Ipueiras - TO;2010;815.3
1710508;Itacajá - TO;2010;3051.4
1710706;Itaguatins - TO;2010;739.8
1710904;Itapiratins - TO;2010;1244.0
1711100;Itaporã do Tocantins - TO;2010;973.0
1711506;Jaú do Tocantins - TO;2010;2173.0
1711803;Juarina - TO;2010;481.0
1711902;Lagoa da Confusão - TO;2010;10564.6
1711951;Lagoa do Tocantins - TO;2010;911.3
1712009;Lajeado - TO;2010;322.5
1712157;Lavandeira - TO;2010;519.6
1712405;Lizarda - TO;2010;5723.2
1712454;Luzinópolis - TO;2010;279.6
1712504;Marianópolis do Tocantins - TO;2010;2091.4
1712702;Mateiros - TO;2010;9583.5
1712801;Maurilândia do Tocantins - TO;2010;738.1
1713205;Miracema do Tocantins - TO;2010;2656.1
1713304;Miranorte - TO;2010;1031.6
1713601;Monte do Carmo - TO;2010;3616.7
1713700;Monte Santo do Tocantins - TO;2010;1091.6
1713809;Palmeiras do Tocantins - TO;2010;747.9
1713957;Muricilândia - TO;2010;1186.6
1714203;Natividade - TO;2010;3240.7
1714302;Nazaré - TO;2010;395.9
1714880;Nova Olinda - TO;2010;1566.2
1715002;Nova Rosalândia - TO;2010;516.3
1715101;Novo Acordo - TO;2010;2671.9
1715150;Novo Alegre - TO;2010;200.1
1715259;Novo Jardim - TO;2010;1309.7
1715507;Oliveira de Fátima - TO;2010;205.8
1715705;Palmeirante - TO;2010;2640.8
1715754;Palmeirópolis - TO;2010;1703.9
1716109;Paraíso do Tocantins - TO;2010;1268.1
1716208;Paranã - TO;2010;11260.2
1716307;Pau D'Arco - TO;2010;1377.4
1716505;Pedro Afonso - TO;2010;2010.9
1716604;Peixe - TO;2010;5291.2
1716653;Pequizeiro - TO;2010;1209.8
1716703;Colméia - TO;2010;990.7
1717008;Pindorama do Tocantins - TO;2010;1559.1
1717206;Piraquê - TO;2010;1367.6
1717503;Pium - TO;2010;10013.9
1717800;Ponte Alta do Bom Jesus - TO;2010;1806.1
1717909;Ponte Alta do Tocantins - TO;2010;6491.1
1718006;Porto Alegre do Tocantins - TO;2010;502.0
1718204;Porto Nacional - TO;2010;4449.9
1718303;Praia Norte - TO;2010;289.1
1718402;Presidente Kennedy - TO;2010;770.4
1718451;Pugmil - TO;2010;401.8
1718501;Recursolândia - TO;2010;2216.7
1718550;Riachinho - TO;2010;517.5
1718659;Rio da Conceição - TO;2010;787.1
1718709;Rio dos Bois - TO;2010;845.1
1718758;Rio Sono - TO;2010;6357.1
1718808;Sampaio - TO;2010;222.3
1718840;Sandolândia - TO;2010;3528.6
1718865;Santa Fé do Araguaia - TO;2010;1678.1
1718881;Santa Maria do Tocantins - TO;2010;1410.5
1718899;Santa Rita do Tocantins - TO;2010;3274.9
1718907;Santa Rosa do Tocantins - TO;2010;1796.3
1719004;Santa Tereza do Tocantins - TO;2010;539.9
1720002;Santa Terezinha do Tocantins - TO;2010;269.7
1720101;São Bento do Tocantins - TO;2010;1105.9
1720150;São Félix do Tocantins - TO;2010;1908.7
1720200;São Miguel do Tocantins - TO;2010;398.8
1720259;São Salvador do Tocantins - TO;2010;1422.0
1720309;São Sebastião do Tocantins - TO;2010;287.3
1720499;São Valério - TO;2010;2519.6
1720655;Silvanópolis - TO;2010;1258.8
1720804;Sítio Novo do Tocantins - TO;2010;324.1
1720853;Sucupira - TO;2010;1025.5
1720903;Taguatinga - TO;2010;2437.4
1720937;Taipas do Tocantins - TO;2010;1116.2
1720978;Talismã - TO;2010;2156.9
1721000;Palmas - TO;2010;2218.9
1721109;Tocantínia - TO;2010;2601.6
1721208;Tocantinópolis - TO;2010;1077.1
1721257;Tupirama - TO;2010;712.2
1721307;Tupiratins - TO;2010;895.3
1722081;Wanderlândia - TO;2010;1373.1
1722107;Xambioá - TO;2010;1186.4
2100055;Açailândia - MA;2010;5806.4
2100105;Afonso Cunha - MA;2010;371.3
2100154;Água Doce do Maranhão - MA;2010;443.3
2100204;Alcântara - MA;2010;1486.7
2100303;Aldeias Altas - MA;2010;1942.1
2100402;Altamira do Maranhão - MA;2010;721.5
2100436;Alto Alegre do Maranhão - MA;2010;383.3
2100477;Alto Alegre do Pindaré - MA;2010;1932.3
2100501;Alto Parnaíba - MA;2010;11132.1
2100550;Amapá do Maranhão - MA;2010;502.4
2100600;Amarante do Maranhão - MA;2010;7438.0
2100709;Anajatuba - MA;2010;1011.1
2100808;Anapurus - MA;2010;608.3
2100832;Apicum-Açu - MA;2010;353.2
2100873;Araguanã - MA;2010;805.2
2100907;Araioses - MA;2010;1782.6
2100956;Arame - MA;2010;3008.7
2101004;Arari - MA;2010;1100.3
2101103;Axixá - MA;2010;203.2
2101202;Bacabal - MA;2010;1683.1
2101251;Bacabeira - MA;2010;615.6
2101301;Bacuri - MA;2010;787.9
2101350;Bacurituba - MA;2010;674.5
2101400;Balsas - MA;2010;13141.7
2101509;Barão de Grajaú - MA;2010;2247.2
2101608;Barra do Corda - MA;2010;5202.7
2101707;Barreirinhas - MA;2010;3112.0
2101731;Belágua - MA;2010;499.4
2101772;Bela Vista do Maranhão - MA;2010;255.4
2101806;Benedito Leite - MA;2010;1781.7
2101905;Bequimão - MA;2010;769.0
2101939;Bernardo do Mearim - MA;2010;261.5
2101970;Boa Vista do Gurupi - MA;2010;403.5
2102002;Bom Jardim - MA;2010;6590.5
2102036;Bom Jesus das Selvas - MA;2010;2679.1
2102077;Bom Lugar - MA;2010;446.0
2102101;Brejo - MA;2010;1074.6
2102150;Brejo de Areia - MA;2010;1059.3
2102200;Buriti - MA;2010;1474.0
2102309;Buriti Bravo - MA;2010;1582.5
2102325;Buriticupu - MA;2010;2545.6
2102358;Buritirana - MA;2010;818.4
2102374;Cachoeira Grande - MA;2010;705.6
2102408;Cajapió - MA;2010;908.7
2102507;Cajari - MA;2010;662.1
2102556;Campestre do Maranhão - MA;2010;615.4
2102606;Cândido Mendes - MA;2010;1633.7
2102705;Cantanhede - MA;2010;773.0
2102754;Capinzal do Norte - MA;2010;590.5
2102804;Carolina - MA;2010;6441.6
2102903;Carutapera - MA;2010;1232.1
2103000;Caxias - MA;2010;5150.6
2103109;Cedral - MA;2010;289.0
2103125;Central do Maranhão - MA;2010;319.1
2103158;Centro do Guilherme - MA;2010;1074.1
2103174;Centro Novo do Maranhão - MA;2010;8258.4
2103208;Chapadinha - MA;2010;3247.4
2103257;Cidelândia - MA;2010;1464.0
2103307;Codó - MA;2010;4361.3
2103406;Coelho Neto - MA;2010;975.5
2103505;Colinas - MA;2010;1980.5
2103554;Conceição do Lago-Açu - MA;2010;733.2
2103604;Coroatá - MA;2010;2263.8
2103703;Cururupu - MA;2010;1223.4
2103752;Davinópolis - MA;2010;336.0
2103802;Dom Pedro - MA;2010;358.5
2103901;Duque Bacelar - MA;2010;317.9
2104008;Esperantinópolis - MA;2010;480.9
2104057;Estreito - MA;2010;2719.0
2104073;Feira Nova do Maranhão - MA;2010;1473.4
2104081;Fernando Falcão - MA;2010;5086.6
2104099;Formosa da Serra Negra - MA;2010;3950.5
2104107;Fortaleza dos Nogueiras - MA;2010;1664.3
2104206;Fortuna - MA;2010;695.0
2104305;Godofredo Viana - MA;2010;674.4
2104404;Gonçalves Dias - MA;2010;878.5
2104503;Governador Archer - MA;2010;450.9
2104552;Governador Edison Lobão - MA;2010;615.8
2104602;Governador Eugênio Barros - MA;2010;817.0
2104628;Governador Luiz Rocha - MA;2010;373.2
2104651;Governador Newton Bello - MA;2010;1160.5
2104677;Governador Nunes Freire - MA;2010;1037.1
2104701;Graça Aranha - MA;2010;271.4
2104800;Grajaú - MA;2010;8830.9
2104909;Guimarães - MA;2010;595.4
2105005;Humberto de Campos - MA;2010;2131.3
2105104;Icatu - MA;2010;1448.8
2105153;Igarapé do Meio - MA;2010;368.7
2105203;Igarapé Grande - MA;2010;374.2
2105302;Imperatriz - MA;2010;1369.0
2105351;Itaipava do Grajaú - MA;2010;1238.8
2105401;Itapecuru Mirim - MA;2010;1471.4
2105427;Itinga do Maranhão - MA;2010;3581.7
2105450;Jatobá - MA;2010;591.4
2105476;Jenipapo dos Vieiras - MA;2010;1962.9
2105500;João Lisboa - MA;2010;636.9
2105609;Joselândia - MA;2010;681.7
2105658;Junco do Maranhão - MA;2010;555.1
2105708;Lago da Pedra - MA;2010;1223.2
2105807;Lago do Junco - MA;2010;309.0
2105906;Lago Verde - MA;2010;623.2
2105922;Lagoa do Mato - MA;2010;1688.0
2105948;Lago dos Rodrigues - MA;2010;180.4
2105963;Lagoa Grande do Maranhão - MA;2010;744.3
2105989;Lajeado Novo - MA;2010;1047.7
2106003;Lima Campos - MA;2010;321.9
2106102;Loreto - MA;2010;3596.8
2106201;Luís Domingues - MA;2010;464.1
2106300;Magalhães de Almeida - MA;2010;433.1
2106326;Maracaçumé - MA;2010;629.3
2106359;Marajá do Sena - MA;2010;1447.7
2106375;Maranhãozinho - MA;2010;972.6
2106409;Mata Roma - MA;2010;548.4
2106508;Matinha - MA;2010;408.7
2106607;Matões - MA;2010;1976.1
2106631;Matões do Norte - MA;2010;794.6
2106672;Milagres do Maranhão - MA;2010;634.7
2106706;Mirador - MA;2010;8450.8
2106755;Miranda do Norte - MA;2010;341.1
2106805;Mirinzal - MA;2010;687.7
2106904;Monção - MA;2010;1302.0
2107001;Montes Altos - MA;2010;1488.3
2107100;Morros - MA;2010;1715.1
2107209;Nina Rodrigues - MA;2010;572.5
2107258;Nova Colinas - MA;2010;743.1
2107308;Nova Iorque - MA;2010;976.8
2107357;Nova Olinda do Maranhão - MA;2010;2452.6
2107407;Olho d'Água das Cunhãs - MA;2010;695.3
2107456;Olinda Nova do Maranhão - MA;2010;197.6
2107506;Paço do Lumiar - MA;2010;124.8
2107605;Palmeirândia - MA;2010;525.6
2107704;Paraibano - MA;2010;530.5
2107803;Parnarama - MA;2010;3439.2
2107902;Passagem Franca - MA;2010;1358.3
2108009;Pastos Bons - MA;2010;1635.3
2108058;Paulino Neves - MA;2010;979.2
2108108;Paulo Ramos - MA;2010;1053.4
2108207;Pedreiras - MA;2010;288.4
2108256;Pedro do Rosário - MA;2010;1749.9
2108306;Penalva - MA;2010;738.3
2108405;Peri Mirim - MA;2010;405.3
2108454;Peritoró - MA;2010;824.7
2108504;Pindaré-Mirim - MA;2010;244.8
2108603;Pinheiro - MA;2010;1513.0
2108702;Pio XII - MA;2010;545.1
2108801;Pirapemas - MA;2010;688.8
2108900;Poção de Pedras - MA;2010;979.2
2109007;Porto Franco - MA;2010;1417.5
2109056;Porto Rico do Maranhão - MA;2010;213.0
2109106;Presidente Dutra - MA;2010;771.6
2109205;Presidente Juscelino - MA;2010;354.7
2109239;Presidente Médici - MA;2010;437.7
2109270;Presidente Sarney - MA;2010;724.2
2109304;Presidente Vargas - MA;2010;459.4
2109403;Primeira Cruz - MA;2010;1367.7
2109452;Raposa - MA;2010;64.4
2109502;Riachão - MA;2010;6373.0
2109551;Ribamar Fiquene - MA;2010;750.6
2109601;Rosário - MA;2010;685.0
2109700;Sambaíba - MA;2010;2478.7
2109759;Santa Filomena do Maranhão - MA;2010;602.3
2109809;Santa Helena - MA;2010;2308.2
2109908;Santa Inês - MA;2010;410.0
2110005;Santa Luzia - MA;2010;4766.1
2110039;Santa Luzia do Paruá - MA;2010;897.1
2110104;Santa Quitéria do Maranhão - MA;2010;1917.6
2110203;Santa Rita - MA;2010;706.4
2110237;Santana do Maranhão - MA;2010;932.0
2110278;Santo Amaro do Maranhão - MA;2010;1601.2
2110302;Santo Antônio dos Lopes - MA;2010;770.9
2110401;São Benedito do Rio Preto - MA;2010;931.5
2110500;São Bento - MA;2010;459.1
2110609;São Bernardo - MA;2010;1006.9
2110658;São Domingos do Azeitão - MA;2010;960.9
2110708;São Domingos do Maranhão - MA;2010;1152.0
2110807;São Félix de Balsas - MA;2010;2032.4
2110856;São Francisco do Brejão - MA;2010;745.6
2110906;São Francisco do Maranhão - MA;2010;2347.2
2111003;São João Batista - MA;2010;690.7
2111029;São João do Carú - MA;2010;615.7
2111052;São João do Paraíso - MA;2010;2053.8
2111078;São João do Soter - MA;2010;1438.1
2111102;São João dos Patos - MA;2010;1500.6
2111201;São José de Ribamar - MA;2010;388.4
2111250;São José dos Basílios - MA;2010;362.7
2111300;São Luís - MA;2010;834.8
2111409;São Luís Gonzaga do Maranhão - MA;2010;968.6
2111508;São Mateus do Maranhão - MA;2010;783.2
2111532;São Pedro da Água Branca - MA;2010;720.5
2111573;São Pedro dos Crentes - MA;2010;979.6
2111607;São Raimundo das Mangabeiras - MA;2010;3521.5
2111631;São Raimundo do Doca Bezerra - MA;2010;419.4
2111672;São Roberto - MA;2010;227.5
2111706;São Vicente Ferrer - MA;2010;390.8
2111722;Satubinha - MA;2010;441.8
2111748;Senador Alexandre Costa - MA;2010;426.4
2111763;Senador La Rocque - MA;2010;1236.7
2111789;Serrano do Maranhão - MA;2010;1207.1
2111805;Sítio Novo - MA;2010;3114.9
2111904;Sucupira do Norte - MA;2010;1074.5
2111953;Sucupira do Riachão - MA;2010;565.0
2112001;Tasso Fragoso - MA;2010;4383.0
2112100;Timbiras - MA;2010;1486.6
2112209;Timon - MA;2010;1743.2
2112233;Trizidela do Vale - MA;2010;222.9
2112274;Tufilândia - MA;2010;271.0
2112308;Tuntum - MA;2010;3390.0
2112407;Turiaçu - MA;2010;2578.5
2112456;Turilândia - MA;2010;1511.8
2112506;Tutóia - MA;2010;1651.6
2112605;Urbano Santos - MA;2010;1207.6
2112704;Vargem Grande - MA;2010;1957.7
2112803;Viana - MA;2010;1168.4
2112852;Vila Nova dos Martírios - MA;2010;1188.8
2112902;Vitória do Mearim - MA;2010;716.7
2113009;Vitorino Freire - MA;2010;1305.1
2114007;Zé Doca - MA;2010;2416.1
2200053;Acauã - PI;2010;1279.6
2200103;Agricolândia - PI;2010;112.4
2200202;Água Branca - PI;2010;97.0
2200251;Alagoinha do Piauí - PI;2010;533.0
2200277;Alegrete do Piauí - PI;2010;282.7
2200301;Alto Longá - PI;2010;1737.8
2200400;Altos - PI;2010;957.7
2200459;Alvorada do Gurguéia - PI;2010;2132.0
2200509;Amarante - PI;2010;1155.2
2200608;Angical do Piauí - PI;2010;223.4
2200707;Anísio de Abreu - PI;2010;337.9
2200806;Antônio Almeida - PI;2010;645.7
2200905;Aroazes - PI;2010;821.7
2200954;Aroeiras do Itaim - PI;2010;257.1
2201002;Arraial - PI;2010;682.8
2201051;Assunção do Piauí - PI;2010;1690.7
2201101;Avelino Lopes - PI;2010;1305.5
2201150;Baixa Grande do Ribeiro - PI;2010;7808.9
2201176;Barra D'Alcântara - PI;2010;263.4
2201200;Barras - PI;2010;1719.8
2201309;Barreiras do Piauí - PI;2010;2028.3
2201408;Barro Duro - PI;2010;131.1
2201507;Batalha - PI;2010;1588.9
2201556;Bela Vista do Piauí - PI;2010;499.4
2201572;Belém do Piauí - PI;2010;243.3
2201606;Beneditinos - PI;2010;788.6
2201705;Bertolínia - PI;2010;1225.3
2201739;Betânia do Piauí - PI;2010;564.7
2201770;Boa Hora - PI;2010;337.6
2201804;Bocaina - PI;2010;268.6
2201903;Bom Jesus - PI;2010;5469.2
2201919;Bom Princípio do Piauí - PI;2010;521.6
2201929;Bonfim do Piauí - PI;2010;289.2
2201945;Boqueirão do Piauí - PI;2010;278.3
2201960;Brasileira - PI;2010;880.9
2201988;Brejo do Piauí - PI;2010;2183.3
2202000;Buriti dos Lopes - PI;2010;691.2
2202026;Buriti dos Montes - PI;2010;2652.1
2202059;Cabeceiras do Piauí - PI;2010;608.5
2202075;Cajazeiras do Piauí - PI;2010;514.4
2202083;Cajueiro da Praia - PI;2010;271.7
2202091;Caldeirão Grande do Piauí - PI;2010;494.9
2202109;Campinas do Piauí - PI;2010;831.2
2202117;Campo Alegre do Fidalgo - PI;2010;657.8
2202133;Campo Grande do Piauí - PI;2010;311.8
2202174;Campo Largo do Piauí - PI;2010;477.8
2202208;Campo Maior - PI;2010;1675.7
2202251;Canavieira - PI;2010;2162.9
2202307;Canto do Buriti - PI;2010;4325.6
2202406;Capitão de Campos - PI;2010;592.2
2202455;Capitão Gervásio Oliveira - PI;2010;1134.1
2202505;Caracol - PI;2010;1611.0
2202539;Caraúbas do Piauí - PI;2010;471.5
2202554;Caridade do Piauí - PI;2010;501.3
2202604;Castelo do Piauí - PI;2010;2035.2
2202653;Caxingó - PI;2010;488.2
2202703;Cocal - PI;2010;1269.5
2202711;Cocal de Telha - PI;2010;282.1
2202729;Cocal dos Alves - PI;2010;357.7
2202737;Coivaras - PI;2010;485.5
2202752;Colônia do Gurguéia - PI;2010;430.6
2202778;Colônia do Piauí - PI;2010;947.9
2202802;Conceição do Canindé - PI;2010;831.4
2202851;Coronel José Dias - PI;2010;1914.8
2202901;Corrente - PI;2010;3048.4
2203008;Cristalândia do Piauí - PI;2010;1202.9
2203107;Cristino Castro - PI;2010;1846.3
2203206;Curimatá - PI;2010;2337.5
2203230;Currais - PI;2010;3156.6
2203255;Curralinhos - PI;2010;345.8
2203271;Curral Novo do Piauí - PI;2010;752.3
2203305;Demerval Lobão - PI;2010;216.8
2203354;Dirceu Arcoverde - PI;2010;1017.1
2203404;Dom Expedito Lopes - PI;2010;219.1
2203420;Domingos Mourão - PI;2010;846.8
2203453;Dom Inocêncio - PI;2010;3870.2
2203503;Elesbão Veloso - PI;2010;1347.5
2203602;Eliseu Martins - PI;2010;1090.4
2203701;Esperantina - PI;2010;911.2
2203750;Fartura do Piauí - PI;2010;712.9
2203800;Flores do Piauí - PI;2010;946.7
2203859;Floresta do Piauí - PI;2010;194.7
2203909;Floriano - PI;2010;3409.6
2204006;Francinópolis - PI;2010;268.7
2204105;Francisco Ayres - PI;2010;656.5
2204154;Francisco Macedo - PI;2010;155.3
2204204;Francisco Santos - PI;2010;491.9
2204303;Fronteiras - PI;2010;775.7
2204352;Geminiano - PI;2010;462.5
2204402;Gilbués - PI;2010;3494.9
2204501;Guadalupe - PI;2010;1023.6
2204550;Guaribas - PI;2010;3118.2
2204600;Hugo Napoleão - PI;2010;224.5
2204659;Ilha Grande - PI;2010;134.3
2204709;Inhuma - PI;2010;978.2
2204808;Ipiranga do Piauí - PI;2010;527.7
2204907;Isaías Coelho - PI;2010;776.1
2205003;Itainópolis - PI;2010;828.1
2205102;Itaueira - PI;2010;2554.2
2205151;Jacobina do Piauí - PI;2010;1370.7
2205201;Jaicós - PI;2010;865.1
2205250;Jardim do Mulato - PI;2010;509.8
2205276;Jatobá do Piauí - PI;2010;653.2
2205300;Jerumenha - PI;2010;1867.3
2205359;João Costa - PI;2010;1800.2
2205409;Joaquim Pires - PI;2010;739.6
2205458;Joca Marques - PI;2010;166.4
2205508;José de Freitas - PI;2010;1538.2
2205516;Juazeiro do Piauí - PI;2010;827.2
2205524;Júlio Borges - PI;2010;1297.1
2205532;Jurema - PI;2010;1271.9
2205540;Lagoinha do Piauí - PI;2010;67.5
2205557;Lagoa Alegre - PI;2010;394.7
2205565;Lagoa do Barro do Piauí - PI;2010;1261.9
2205573;Lagoa de São Francisco - PI;2010;155.6
2205581;Lagoa do Piauí - PI;2010;426.6
2205599;Lagoa do Sítio - PI;2010;804.7
2205607;Landri Sales - PI;2010;1088.6
2205706;Luís Correia - PI;2010;1070.9
2205805;Luzilândia - PI;2010;704.3
2205854;Madeiro - PI;2010;177.2
2205904;Manoel Emídio - PI;2010;1619.0
2205953;Marcolândia - PI;2010;143.9
2206001;Marcos Parente - PI;2010;677.4
2206050;Massapê do Piauí - PI;2010;521.1
2206100;Matias Olímpio - PI;2010;226.4
2206209;Miguel Alves - PI;2010;1393.7
2206308;Miguel Leão - PI;2010;93.5
2206357;Milton Brandão - PI;2010;1371.7
2206407;Monsenhor Gil - PI;2010;568.7
2206506;Monsenhor Hipólito - PI;2010;401.4
2206605;Monte Alegre do Piauí - PI;2010;2417.9
2206654;Morro Cabeça no Tempo - PI;2010;2116.9
2206670;Morro do Chapéu do Piauí - PI;2010;328.3
2206696;Murici dos Portelas - PI;2010;481.7
2206704;Nazaré do Piauí - PI;2010;1315.8
2206720;Nazária - PI;2010;363.6
2206753;Nossa Senhora de Nazaré - PI;2010;356.3
2206803;Nossa Senhora dos Remédios - PI;2010;358.5
2206902;Novo Oriente do Piauí - PI;2010;525.3
2206951;Novo Santo Antônio - PI;2010;481.7
2207009;Oeiras - PI;2010;2702.5
2207108;Olho D'Água do Piauí - PI;2010;219.6
2207207;Padre Marcos - PI;2010;272.0
2207306;Paes Landim - PI;2010;401.4
2207355;Pajeú do Piauí - PI;2010;1079.2
2207405;Palmeira do Piauí - PI;2010;2023.5
2207504;Palmeirais - PI;2010;1499.2
2207553;Paquetá - PI;2010;448.5
2207603;Parnaguá - PI;2010;3429.3
2207702;Parnaíba - PI;2010;435.6
2207751;Passagem Franca do Piauí - PI;2010;849.6
2207777;Patos do Piauí - PI;2010;751.6
2207793;Pau D'Arco do Piauí - PI;2010;430.8
2207801;Paulistana - PI;2010;1969.9
2207850;Pavussu - PI;2010;1090.7
2207900;Pedro II - PI;2010;1518.2
2207934;Pedro Laurentino - PI;2010;870.3
2207959;Nova Santa Rita - PI;2010;909.7
2208007;Picos - PI;2010;534.7
2208106;Pimenteiras - PI;2010;4563.1
2208205;Pio IX - PI;2010;1947.1
2208304;Piracuruca - PI;2010;2380.4
2208403;Piripiri - PI;2010;1408.9
2208502;Porto - PI;2010;252.7
2208551;Porto Alegre do Piauí - PI;2010;1169.4
2208601;Prata do Piauí - PI;2010;196.3
2208650;Queimada Nova - PI;2010;1352.4
2208700;Redenção do Gurguéia - PI;2010;2468.0
2208809;Regeneração - PI;2010;1251.0
2208858;Riacho Frio - PI;2010;2222.1
2208874;Ribeira do Piauí - PI;2010;1004.2
2208908;Ribeiro Gonçalves - PI;2010;3978.9
2209005;Rio Grande do Piauí - PI;2010;635.9
2209104;Santa Cruz do Piauí - PI;2010;611.6
2209153;Santa Cruz dos Milagres - PI;2010;979.7
2209203;Santa Filomena - PI;2010;5285.4
2209302;Santa Luz - PI;2010;1186.8
2209351;Santana do Piauí - PI;2010;141.1
2209377;Santa Rosa do Piauí - PI;2010;340.2
2209401;Santo Antônio de Lisboa - PI;2010;387.4
2209450;Santo Antônio dos Milagres - PI;2010;33.1
2209500;Santo Inácio do Piauí - PI;2010;852.9
2209559;São Braz do Piauí - PI;2010;656.4
2209609;São Félix do Piauí - PI;2010;657.2
2209658;São Francisco de Assis do Piauí - PI;2010;1100.4
2209708;São Francisco do Piauí - PI;2010;1340.7
2209757;São Gonçalo do Gurguéia - PI;2010;1385.3
2209807;São Gonçalo do Piauí - PI;2010;150.2
2209856;São João da Canabrava - PI;2010;480.3
2209872;São João da Fronteira - PI;2010;764.9
2209906;São João da Serra - PI;2010;1006.5
2209955;São João da Varjota - PI;2010;395.3
2209971;São João do Arraial - PI;2010;213.4
2210003;São João do Piauí - PI;2010;1527.8
2210052;São José do Divino - PI;2010;319.1
2210102;São José do Peixe - PI;2010;1287.2
2210201;São José do Piauí - PI;2010;364.9
2210300;São Julião - PI;2010;257.2
2210359;São Lourenço do Piauí - PI;2010;672.7
2210375;São Luis do Piauí - PI;2010;220.4
2210383;São Miguel da Baixa Grande - PI;2010;384.2
2210391;São Miguel do Fidalgo - PI;2010;813.4
2210409;São Miguel do Tapuio - PI;2010;5207.0
2210508;São Pedro do Piauí - PI;2010;518.3
2210607;São Raimundo Nonato - PI;2010;2415.6
2210623;Sebastião Barros - PI;2010;893.7
2210631;Sebastião Leal - PI;2010;3151.6
2210656;Sigefredo Pacheco - PI;2010;967.0
2210706;Simões - PI;2010;1071.5
2210805;Simplício Mendes - PI;2010;1345.8
2210904;Socorro do Piauí - PI;2010;761.9
2210938;Sussuapara - PI;2010;209.7
2210953;Tamboril do Piauí - PI;2010;1587.3
2210979;Tanque do Piauí - PI;2010;398.7
2211001;Teresina - PI;2010;1392.0
2211100;União - PI;2010;1173.4
2211209;Uruçuí - PI;2010;8411.9
2211308;Valença do Piauí - PI;2010;1334.6
2211357;Várzea Branca - PI;2010;450.8
2211407;Várzea Grande - PI;2010;237.0
2211506;Vera Mendes - PI;2010;342.0
2211605;Vila Nova do Piauí - PI;2010;218.3
2211704;Wall Ferraz - PI;2010;270.0
2300101;Abaiara - CE;2010;178.8
2300150;Acarape - CE;2010;160.3
2300200;Acaraú - CE;2010;842.6
2300309;Acopiara - CE;2010;2253.8
2300408;Aiuaba - CE;2010;2434.4
2300507;Alcântaras - CE;2010;138.6
2300606;Altaneira - CE;2010;73.3
2300705;Alto Santo - CE;2010;1338.2
2300754;Amontada - CE;2010;1179.0
2300804;Antonina do Norte - CE;2010;260.1
2300903;Apuiarés - CE;2010;552.3
2301000;Aquiraz - CE;2010;482.6
2301109;Aracati - CE;2010;1247.3
2301208;Aracoiaba - CE;2010;656.6
2301257;Ararendá - CE;2010;344.1
2301307;Araripe - CE;2010;1099.9
2301406;Aratuba - CE;2010;114.8
2301505;Arneiroz - CE;2010;1066.4
2301604;Assaré - CE;2010;1116.3
2301703;Aurora - CE;2010;889.9
2301802;Baixio - CE;2010;146.4
2301851;Banabuiú - CE;2010;1080.0
2301901;Barbalha - CE;2010;599.3
2301950;Barreira - CE;2010;240.9
2302008;Barro - CE;2010;711.9
2302057;Barroquinha - CE;2010;383.4
2302107;Baturité - CE;2010;308.6
2302206;Beberibe - CE;2010;1623.9
2302305;Bela Cruz - CE;2010;824.4
2302404;Boa Viagem - CE;2010;2836.8
2302503;Brejo Santo - CE;2010;663.4
2302602;Camocim - CE;2010;1139.2
2302701;Campos Sales - CE;2010;1082.8
2302800;Canindé - CE;2010;3218.5
2302909;Capistrano - CE;2010;222.5
2303006;Caridade - CE;2010;846.5
2303105;Cariré - CE;2010;756.9
2303204;Caririaçu - CE;2010;637.4
2303303;Cariús - CE;2010;1061.8
2303402;Carnaubal - CE;2010;364.8
2303501;Cascavel - CE;2010;837.3
2303600;Catarina - CE;2010;486.9
2303659;Catunda - CE;2010;783.2
2303709;Caucaia - CE;2010;1223.8
2303808;Cedro - CE;2010;725.8
2303907;Chaval - CE;2010;238.2
2303931;Choró - CE;2010;815.8
2303956;Chorozinho - CE;2010;278.4
2304004;Coreaú - CE;2010;775.8
2304103;Crateús - CE;2010;2988.3
2304202;Crato - CE;2010;1157.9
2304236;Croatá - CE;2010;697.0
2304251;Cruz - CE;2010;334.1
2304269;Deputado Irapuan Pinheiro - CE;2010;470.4
2304277;Ereré - CE;2010;396.0
2304285;Eusébio - CE;2010;79.0
2304301;Farias Brito - CE;2010;503.6
2304350;Forquilha - CE;2010;517.0
2304400;Fortaleza - CE;2010;314.9
2304459;Fortim - CE;2010;282.1
2304509;Frecheirinha - CE;2010;181.2
2304608;General Sampaio - CE;2010;187.1
2304657;Graça - CE;2010;281.9
2304707;Granja - CE;2010;2698.1
2304806;Granjeiro - CE;2010;100.1
2304905;Groaíras - CE;2010;155.9
2304954;Guaiúba - CE;2010;254.0
2305001;Guaraciaba do Norte - CE;2010;611.5
2305100;Guaramiranga - CE;2010;100.9
2305209;Hidrolândia - CE;2010;927.4
2305233;Horizonte - CE;2010;160.0
2305266;Ibaretama - CE;2010;877.3
2305308;Ibiapina - CE;2010;414.9
2305332;Ibicuitinga - CE;2010;424.2
2305357;Icapuí - CE;2010;423.4
2305407;Icó - CE;2010;1872.0
2305506;Iguatu - CE;2010;1017.1
2305605;Independência - CE;2010;3218.7
2305654;Ipaporanga - CE;2010;702.1
2305704;Ipaumirim - CE;2010;273.8
2305803;Ipu - CE;2010;629.3
2305902;Ipueiras - CE;2010;1477.4
2306009;Iracema - CE;2010;824.0
2306108;Irauçuba - CE;2010;1450.7
2306207;Itaiçaba - CE;2010;209.9
2306256;Itaitinga - CE;2010;151.4
2306306;Itapajé - CE;2010;430.4
2306405;Itapipoca - CE;2010;1603.7
2306504;Itapiúna - CE;2010;588.7
2306553;Itarema - CE;2010;720.7
2306603;Itatira - CE;2010;783.4
2306702;Jaguaretama - CE;2010;1759.7
2306801;Jaguaribara - CE;2010;668.7
2306900;Jaguaribe - CE;2010;1876.8
2307007;Jaguaruana - CE;2010;847.3
2307106;Jardim - CE;2010;519.1
2307205;Jati - CE;2010;361.1
2307254;Jijoca de Jericoacoara - CE;2010;204.8
2307304;Juazeiro do Norte - CE;2010;248.2
2307403;Jucás - CE;2010;937.2
2307502;Lavras da Mangabeira - CE;2010;948.0
2307601;Limoeiro do Norte - CE;2010;751.8
2307635;Madalena - CE;2010;1026.3
2307650;Maracanaú - CE;2010;111.3
2307700;Maranguape - CE;2010;590.9
2307809;Marco - CE;2010;574.1
2307908;Martinópole - CE;2010;299.0
2308005;Massapê - CE;2010;566.6
2308104;Mauriti - CE;2010;1079.0
2308203;Meruoca - CE;2010;149.8
2308302;Milagres - CE;2010;577.0
2308351;Milhã - CE;2010;502.3
2308377;Miraíma - CE;2010;700.0
2308401;Missão Velha - CE;2010;650.5
2308500;Mombaça - CE;2010;2119.5
2308609;Monsenhor Tabosa - CE;2010;893.6
2308708;Morada Nova - CE;2010;2779.2
2308807;Moraújo - CE;2010;415.6
2308906;Morrinhos - CE;2010;415.6
2309003;Mucambo - CE;2010;190.6
2309102;Mulungu - CE;2010;95.6
2309201;Nova Olinda - CE;2010;284.4
2309300;Nova Russas - CE;2010;742.8
2309409;Novo Oriente - CE;2010;946.2
2309458;Ocara - CE;2010;765.4
2309508;Orós - CE;2010;576.3
2309607;Pacajus - CE;2010;254.5
2309706;Pacatuba - CE;2010;145.1
2309805;Pacoti - CE;2010;109.6
2309904;Pacujá - CE;2010;76.1
2310001;Palhano - CE;2010;440.4
2310100;Palmácia - CE;2010;117.8
2310209;Paracuru - CE;2010;296.2
2310258;Paraipaba - CE;2010;300.9
2310308;Parambu - CE;2010;2312.4
2310407;Paramoti - CE;2010;482.6
2310506;Pedra Branca - CE;2010;1303.3
2310605;Penaforte - CE;2010;141.9
2310704;Pentecoste - CE;2010;1378.3
2310803;Pereiro - CE;2010;423.1
2310852;Pindoretama - CE;2010;73.0
2310902;Piquet Carneiro - CE;2010;587.9
2310951;Pires Ferreira - CE;2010;243.1
2311009;Poranga - CE;2010;1309.3
2311108;Porteiras - CE;2010;217.6
2311207;Potengi - CE;2010;338.7
2311231;Potiretama - CE;2010;404.6
2311264;Quiterianópolis - CE;2010;1041.0
2311306;Quixadá - CE;2010;2019.8
2311355;Quixelô - CE;2010;583.2
2311405;Quixeramobim - CE;2010;3330.1
2311504;Quixeré - CE;2010;610.8
2311603;Redenção - CE;2010;225.6
2311702;Reriutaba - CE;2010;383.3
2311801;Russas - CE;2010;1591.3
2311900;Saboeiro - CE;2010;1383.5
2311959;Salitre - CE;2010;804.3
2312007;Santana do Acaraú - CE;2010;969.3
2312106;Santana do Cariri - CE;2010;855.6
2312205;Santa Quitéria - CE;2010;4260.5
2312304;São Benedito - CE;2010;338.2
2312403;São Gonçalo do Amarante - CE;2010;838.5
2312502;São João do Jaguaribe - CE;2010;280.5
2312601;São Luís do Curu - CE;2010;122.4
2312700;Senador Pompeu - CE;2010;956.1
2312809;Senador Sá - CE;2010;423.9
2312908;Sobral - CE;2010;2122.9
2313005;Solonópole - CE;2010;1536.2
2313104;Tabuleiro do Norte - CE;2010;861.8
2313203;Tamboril - CE;2010;2000.8
2313252;Tarrafas - CE;2010;454.4
2313302;Tauá - CE;2010;4009.3
2313351;Tejuçuoca - CE;2010;781.7
2313401;Tianguá - CE;2010;908.9
2313500;Trairi - CE;2010;925.7
2313559;Tururu - CE;2010;202.3
2313609;Ubajara - CE;2010;421.0
2313708;Umari - CE;2010;263.9
2313757;Umirim - CE;2010;316.8
2313807;Uruburetama - CE;2010;107.6
2313906;Uruoca - CE;2010;696.7
2313955;Varjota - CE;2010;179.4
2314003;Várzea Alegre - CE;2010;835.7
2314102;Viçosa do Ceará - CE;2010;1311.6
2400109;Acari - RN;2010;608.6
2400208;Assú - RN;2010;1303.4
2400307;Afonso Bezerra - RN;2010;576.2
2400406;Água Nova - RN;2010;50.7
2400505;Alexandria - RN;2010;381.2
2400604;Almino Afonso - RN;2010;128.0
2400703;Alto do Rodrigues - RN;2010;191.3
2400802;Angicos - RN;2010;741.6
2400901;Antônio Martins - RN;2010;244.6
2401008;Apodi - RN;2010;1602.5
2401107;Areia Branca - RN;2010;357.6
2401206;Arez - RN;2010;115.5
2401305;Campo Grande - RN;2010;896.9
2401404;Baía Formosa - RN;2010;245.7
2401453;Baraúna - RN;2010;825.7
2401503;Barcelona - RN;2010;152.6
2401602;Bento Fernandes - RN;2010;301.1
2401651;Bodó - RN;2010;253.5
2401701;Bom Jesus - RN;2010;122.0
2401800;Brejinho - RN;2010;61.6
2401859;Caiçara do Norte - RN;2010;189.5
2401909;Caiçara do Rio do Vento - RN;2010;261.2
2402006;Caicó - RN;2010;1228.6
2402105;Campo Redondo - RN;2010;213.7
2402204;Canguaretama - RN;2010;245.4
2402303;Caraúbas - RN;2010;1095.0
2402402;Carnaúba dos Dantas - RN;2010;245.6
2402501;Carnaubais - RN;2010;542.5
2402600;Ceará-Mirim - RN;2010;724.4
2402709;Cerro Corá - RN;2010;393.6
2402808;Coronel Ezequiel - RN;2010;185.7
2402907;Coronel João Pessoa - RN;2010;117.1
2403004;Cruzeta - RN;2010;295.8
2403103;Currais Novos - RN;2010;864.3
2403202;Doutor Severiano - RN;2010;108.3
2403251;Parnamirim - RN;2010;123.6
2403301;Encanto - RN;2010;125.7
2403400;Equador - RN;2010;265.0
2403509;Espírito Santo - RN;2010;135.8
2403608;Extremoz - RN;2010;139.6
2403707;Felipe Guerra - RN;2010;268.6
2403756;Fernando Pedroza - RN;2010;322.6
2403806;Florânia - RN;2010;504.9
2403905;Francisco Dantas - RN;2010;181.6
2404002;Frutuoso Gomes - RN;2010;63.3
2404101;Galinhos - RN;2010;342.2
2404200;Goianinha - RN;2010;192.3
2404309;Governador Dix-Sept Rosado - RN;2010;1129.3
2404408;Grossos - RN;2010;126.5
2404507;Guamaré - RN;2010;259.0
2404606;Ielmo Marinho - RN;2010;312.0
2404705;Ipanguaçu - RN;2010;374.2
2404804;Ipueira - RN;2010;127.3
2404853;Itajá - RN;2010;203.6
2404903;Itaú - RN;2010;133.0
2405009;Jaçanã - RN;2010;54.6
2405108;Jandaíra - RN;2010;435.9
2405207;Janduís - RN;2010;304.9
2405306;Januário Cicco - RN;2010;187.2
2405405;Japi - RN;2010;189.0
2405504;Jardim de Angicos - RN;2010;254.0
2405603;Jardim de Piranhas - RN;2010;330.5
2405702;Jardim do Seridó - RN;2010;368.6
2405801;João Câmara - RN;2010;715.0
2405900;João Dias - RN;2010;88.2
2406007;José da Penha - RN;2010;117.6
2406106;Jucurutu - RN;2010;933.7
2406155;Jundiá - RN;2010;44.6
2406205;Lagoa d'Anta - RN;2010;105.7
2406304;Lagoa de Pedras - RN;2010;117.7
2406403;Lagoa de Velhos - RN;2010;112.8
2406502;Lagoa Nova - RN;2010;176.3
2406601;Lagoa Salgada - RN;2010;79.3
2406700;Lajes - RN;2010;676.6
2406809;Lajes Pintadas - RN;2010;130.2
2406908;Lucrécia - RN;2010;30.9
2407005;Luís Gomes - RN;2010;166.6
2407104;Macaíba - RN;2010;510.8
2407203;Macau - RN;2010;788.0
2407252;Major Sales - RN;2010;32.0
2407302;Marcelino Vieira - RN;2010;345.7
2407401;Martins - RN;2010;169.5
2407500;Maxaranguape - RN;2010;131.3
2407609;Messias Targino - RN;2010;135.1
2407708;Montanhas - RN;2010;82.2
2407807;Monte Alegre - RN;2010;211.3
2407906;Monte das Gameleiras - RN;2010;71.9
2408003;Mossoró - RN;2010;2099.3
2408102;Natal - RN;2010;167.2
2408201;Nísia Floresta - RN;2010;307.8
2408300;Nova Cruz - RN;2010;277.7
2408409;Olho d'Água do Borges - RN;2010;141.2
2408508;Ouro Branco - RN;2010;253.3
2408607;Paraná - RN;2010;81.4
2408706;Paraú - RN;2010;383.2
2408805;Parazinho - RN;2010;274.7
2408904;Parelhas - RN;2010;513.1
2408953;Rio do Fogo - RN;2010;150.3
2409100;Passa e Fica - RN;2010;42.1
2409209;Passagem - RN;2010;41.2
2409308;Patu - RN;2010;319.1
2409332;Santa Maria - RN;2010;219.6
2409407;Pau dos Ferros - RN;2010;260.0
2409506;Pedra Grande - RN;2010;221.4
2409605;Pedra Preta - RN;2010;295.0
2409704;Pedro Avelino - RN;2010;952.8
2409803;Pedro Velho - RN;2010;192.7
2409902;Pendências - RN;2010;419.1
2410009;Pilões - RN;2010;82.7
2410108;Poço Branco - RN;2010;230.4
2410207;Portalegre - RN;2010;110.1
2410256;Porto do Mangue - RN;2010;319.0
2410306;Serra Caiada - RN;2010;167.3
2410405;Pureza - RN;2010;504.3
2410504;Rafael Fernandes - RN;2010;78.2
2410603;Rafael Godeiro - RN;2010;100.1
2410702;Riacho da Cruz - RN;2010;127.2
2410801;Riacho de Santana - RN;2010;128.1
2410900;Riachuelo - RN;2010;262.9
2411007;Rodolfo Fernandes - RN;2010;154.8
2411056;Tibau - RN;2010;169.2
2411106;Ruy Barbosa - RN;2010;125.8
2411205;Santa Cruz - RN;2010;624.4
2411403;Santana do Matos - RN;2010;1419.4
2411429;Santana do Seridó - RN;2010;188.4
2411502;Santo Antônio - RN;2010;301.1
2411601;São Bento do Norte - RN;2010;288.7
2411700;São Bento do Trairí - RN;2010;190.8
2411809;São Fernando - RN;2010;404.4
2411908;São Francisco do Oeste - RN;2010;75.6
2412005;São Gonçalo do Amarante - RN;2010;249.1
2412104;São João do Sabugi - RN;2010;277.0
2412203;São José de Mipibu - RN;2010;290.3
2412302;São José do Campestre - RN;2010;341.1
2412401;São José do Seridó - RN;2010;174.5
2412500;São Miguel - RN;2010;171.7
2412559;São Miguel do Gostoso - RN;2010;342.0
2412609;São Paulo do Potengi - RN;2010;240.4
2412708;São Pedro - RN;2010;195.2
2412807;São Rafael - RN;2010;469.1
2412906;São Tomé - RN;2010;862.6
2413003;São Vicente - RN;2010;197.8
2413102;Senador Elói de Souza - RN;2010;167.6
2413201;Senador Georgino Avelino - RN;2010;25.9
2413300;Serra de São Bento - RN;2010;96.6
2413359;Serra do Mel - RN;2010;616.5
2413409;Serra Negra do Norte - RN;2010;562.4
2413508;Serrinha - RN;2010;193.4
2413557;Serrinha dos Pintos - RN;2010;122.6
2413607;Severiano Melo - RN;2010;157.9
2413706;Sítio Novo - RN;2010;213.5
2413805;Taboleiro Grande - RN;2010;124.1
2413904;Taipu - RN;2010;352.8
2414001;Tangará - RN;2010;356.8
2414100;Tenente Ananias - RN;2010;223.7
2414159;Tenente Laurentino Cruz - RN;2010;74.4
2414209;Tibau do Sul - RN;2010;101.8
2414308;Timbaúba dos Batistas - RN;2010;135.5
2414407;Touros - RN;2010;840.4
2414456;Triunfo Potiguar - RN;2010;268.7
2414506;Umarizal - RN;2010;213.6
2414605;Upanema - RN;2010;873.9
2414704;Várzea - RN;2010;72.7
2414753;Venha-Ver - RN;2010;71.6
2414803;Vera Cruz - RN;2010;83.5
2414902;Viçosa - RN;2010;37.9
2415008;Vila Flor - RN;2010;47.7
2500106;Água Branca - PB;2010;236.6
2500205;Aguiar - PB;2010;344.7
2500304;Alagoa Grande - PB;2010;320.6
2500403;Alagoa Nova - PB;2010;122.3
2500502;Alagoinha - PB;2010;97.0
2500536;Alcantil - PB;2010;305.4
2500577;Algodão de Jandaíra - PB;2010;220.2
2500601;Alhandra - PB;2010;182.7
2500700;São João do Rio do Peixe - PB;2010;474.4
2500734;Amparo - PB;2010;122.0
2500775;Aparecida - PB;2010;295.7
2500809;Araçagi - PB;2010;231.2
2500908;Arara - PB;2010;99.1
2501005;Araruna - PB;2010;245.7
2501104;Areia - PB;2010;269.5
2501153;Areia de Baraúnas - PB;2010;96.3
2501203;Areial - PB;2010;33.1
2501302;Aroeiras - PB;2010;374.7
2501351;Assunção - PB;2010;126.4
2501401;Baía da Traição - PB;2010;102.4
2501500;Bananeiras - PB;2010;257.9
2501534;Baraúna - PB;2010;50.6
2501575;Barra de Santana - PB;2010;376.9
2501609;Barra de Santa Rosa - PB;2010;775.7
2501708;Barra de São Miguel - PB;2010;595.2
2501807;Bayeux - PB;2010;32.0
2501906;Belém - PB;2010;100.2
2502003;Belém do Brejo do Cruz - PB;2010;603.0
2502052;Bernardino Batista - PB;2010;50.6
2502102;Boa Ventura - PB;2010;170.6
2502151;Boa Vista - PB;2010;476.5
2502201;Bom Jesus - PB;2010;47.6
2502300;Bom Sucesso - PB;2010;184.1
2502409;Bonito de Santa Fé - PB;2010;228.3
2502508;Boqueirão - PB;2010;372.0
2502607;Igaracy - PB;2010;192.3
2502706;Borborema - PB;2010;26.0
2502805;Brejo do Cruz - PB;2010;398.9
2502904;Brejo dos Santos - PB;2010;93.8
2503001;Caaporã - PB;2010;150.2
2503100;Cabaceiras - PB;2010;452.9
2503209;Cabedelo - PB;2010;31.9
2503308;Cachoeira dos Índios - PB;2010;193.1
2503407;Cacimba de Areia - PB;2010;220.4
2503506;Cacimba de Dentro - PB;2010;163.7
2503555;Cacimbas - PB;2010;126.5
2503605;Caiçara - PB;2010;127.9
2503704;Cajazeiras - PB;2010;565.9
2503753;Cajazeirinhas - PB;2010;287.9
2503803;Caldas Brandão - PB;2010;55.9
2503902;Camalaú - PB;2010;543.7
2504009;Campina Grande - PB;2010;594.2
2504033;Capim - PB;2010;78.2
2504074;Caraúbas - PB;2010;497.2
2504108;Carrapateira - PB;2010;54.5
2504157;Casserengue - PB;2010;201.4
2504207;Catingueira - PB;2010;529.5
2504306;Catolé do Rocha - PB;2010;552.1
2504355;Caturité - PB;2010;118.1
2504405;Conceição - PB;2010;579.4
2504504;Condado - PB;2010;280.9
2504603;Conde - PB;2010;172.9
2504702;Congo - PB;2010;333.5
2504801;Coremas - PB;2010;379.5
2504850;Coxixola - PB;2010;169.9
2504900;Cruz do Espírito Santo - PB;2010;195.6
2505006;Cubati - PB;2010;137.0
2505105;Cuité - PB;2010;741.8
2505204;Cuitegi - PB;2010;39.3
2505238;Cuité de Mamanguape - PB;2010;108.4
2505279;Curral de Cima - PB;2010;85.1
2505303;Curral Velho - PB;2010;223.0
2505352;Damião - PB;2010;185.7
2505402;Desterro - PB;2010;179.4
2505501;Vista Serrana - PB;2010;61.4
2505600;Diamante - PB;2010;269.1
2505709;Dona Inês - PB;2010;166.2
2505808;Duas Estradas - PB;2010;26.3
2505907;Emas - PB;2010;240.9
2506004;Esperança - PB;2010;163.8
2506103;Fagundes - PB;2010;189.0
2506202;Frei Martinho - PB;2010;244.3
2506251;Gado Bravo - PB;2010;192.4
2506301;Guarabira - PB;2010;165.7
2506400;Gurinhém - PB;2010;346.1
2506509;Gurjão - PB;2010;343.2
2506608;Ibiara - PB;2010;244.5
2506707;Imaculada - PB;2010;317.0
2506806;Ingá - PB;2010;288.0
2506905;Itabaiana - PB;2010;218.8
2507002;Itaporanga - PB;2010;468.1
2507101;Itapororoca - PB;2010;146.1
2507200;Itatuba - PB;2010;244.2
2507309;Jacaraú - PB;2010;253.0
2507408;Jericó - PB;2010;179.3
2507507;João Pessoa - PB;2010;211.5
2507606;Juarez Távora - PB;2010;70.8
2507705;Juazeirinho - PB;2010;467.5
2507804;Junco do Seridó - PB;2010;170.4
2507903;Juripiranga - PB;2010;78.8
2508000;Juru - PB;2010;403.3
2508109;Lagoa - PB;2010;177.9
2508208;Lagoa de Dentro - PB;2010;84.5
2508307;Lagoa Seca - PB;2010;107.6
2508406;Lastro - PB;2010;102.7
2508505;Livramento - PB;2010;260.2
2508554;Logradouro - PB;2010;38.0
2508604;Lucena - PB;2010;88.9
2508703;Mãe d'Água - PB;2010;243.8
2508802;Malta - PB;2010;156.2
2508901;Mamanguape - PB;2010;340.5
2509008;Manaíra - PB;2010;352.6
2509057;Marcação - PB;2010;122.9
2509107;Mari - PB;2010;154.8
2509156;Marizópolis - PB;2010;63.6
2509206;Massaranduba - PB;2010;206.0
2509305;Mataraca - PB;2010;184.3
2509339;Matinhas - PB;2010;38.1
2509370;Mato Grosso - PB;2010;83.5
2509396;Maturéia - PB;2010;83.7
2509404;Mogeiro - PB;2010;193.9
2509503;Montadas - PB;2010;31.6
2509602;Monte Horebe - PB;2010;116.2
2509701;Monteiro - PB;2010;986.4
2509800;Mulungu - PB;2010;195.3
2509909;Natuba - PB;2010;205.0
2510006;Nazarezinho - PB;2010;191.5
2510105;Nova Floresta - PB;2010;47.4
2510204;Nova Olinda - PB;2010;84.3
2510303;Nova Palmeira - PB;2010;310.4
2510402;Olho d'Água - PB;2010;596.1
2510501;Olivedos - PB;2010;317.9
2510600;Ouro Velho - PB;2010;129.4
2510659;Parari - PB;2010;128.5
2510709;Passagem - PB;2010;111.9
2510808;Patos - PB;2010;473.1
2510907;Paulista - PB;2010;576.9
2511004;Pedra Branca - PB;2010;112.9
2511103;Pedra Lavrada - PB;2010;351.7
2511202;Pedras de Fogo - PB;2010;400.4
2511301;Piancó - PB;2010;564.7
2511400;Picuí - PB;2010;661.7
2511509;Pilar - PB;2010;102.4
2511608;Pilões - PB;2010;64.4
2511707;Pilõezinhos - PB;2010;43.9
2511806;Pirpirituba - PB;2010;79.8
2511905;Pitimbu - PB;2010;136.4
2512002;Pocinhos - PB;2010;628.1
2512036;Poço Dantas - PB;2010;97.2
2512077;Poço de José de Moura - PB;2010;101.0
2512101;Pombal - PB;2010;888.8
2512200;Prata - PB;2010;192.0
2512309;Princesa Isabel - PB;2010;368.0
2512408;Puxinanã - PB;2010;72.7
2512507;Queimadas - PB;2010;401.8
2512606;Quixaba - PB;2010;156.7
2512705;Remígio - PB;2010;178.0
2512721;Pedro Régis - PB;2010;73.6
2512747;Riachão - PB;2010;90.2
2512754;Riachão do Bacamarte - PB;2010;38.4
2512762;Riachão do Poço - PB;2010;39.9
2512788;Riacho de Santo Antônio - PB;2010;91.3
2512804;Riacho dos Cavalos - PB;2010;264.0
2512903;Rio Tinto - PB;2010;464.9
2513000;Salgadinho - PB;2010;184.2
2513109;Salgado de São Félix - PB;2010;201.9
2513158;Santa Cecília - PB;2010;227.9
2513208;Santa Cruz - PB;2010;210.2
2513307;Santa Helena - PB;2010;210.3
2513356;Santa Inês - PB;2010;324.4
2513406;Santa Luzia - PB;2010;455.7
2513505;Santana de Mangueira - PB;2010;402.2
2513604;Santana dos Garrotes - PB;2010;353.8
2513653;Joca Claudino - PB;2010;74.0
2513703;Santa Rita - PB;2010;726.8
2513802;Santa Teresinha - PB;2010;358.0
2513851;Santo André - PB;2010;225.2
2513901;São Bento - PB;2010;248.2
2513927;São Bentinho - PB;2010;196.0
2513943;São Domingos do Cariri - PB;2010;218.8
2513968;São Domingos - PB;2010;169.1
2513984;São Francisco - PB;2010;95.1
2514008;São João do Cariri - PB;2010;653.6
2514107;São João do Tigre - PB;2010;816.1
2514206;São José da Lagoa Tapada - PB;2010;341.8
2514305;São José de Caiana - PB;2010;176.3
2514404;São José de Espinharas - PB;2010;725.7
2514453;São José dos Ramos - PB;2010;98.2
2514503;São José de Piranhas - PB;2010;677.3
2514552;São José de Princesa - PB;2010;158.0
2514602;São José do Bonfim - PB;2010;134.7
2514651;São José do Brejo do Cruz - PB;2010;253.0
2514701;São José do Sabugi - PB;2010;206.9
2514800;São José dos Cordeiros - PB;2010;417.7
2514909;São Mamede - PB;2010;530.7
2515005;São Miguel de Taipu - PB;2010;92.5
2515104;São Sebastião de Lagoa de Roça - PB;2010;49.9
2515203;São Sebastião do Umbuzeiro - PB;2010;460.6
2515302;Sapé - PB;2010;315.5
2515401;São Vicente do Seridó - PB;2010;276.5
2515500;Serra Branca - PB;2010;686.9
2515609;Serra da Raiz - PB;2010;29.1
2515708;Serra Grande - PB;2010;83.5
2515807;Serra Redonda - PB;2010;55.9
2515906;Serraria - PB;2010;65.3
2515930;Sertãozinho - PB;2010;32.8
2515971;Sobrado - PB;2010;61.7
2516003;Solânea - PB;2010;232.1
2516102;Soledade - PB;2010;560.0
2516151;Sossêgo - PB;2010;154.7
2516201;Sousa - PB;2010;738.5
2516300;Sumé - PB;2010;838.1
2516409;Tacima - PB;2010;246.7
2516508;Taperoá - PB;2010;662.9
2516607;Tavares - PB;2010;237.3
2516706;Teixeira - PB;2010;160.9
2516755;Tenório - PB;2010;105.3
2516805;Triunfo - PB;2010;219.9
2516904;Uiraúna - PB;2010;294.5
2517001;Umbuzeiro - PB;2010;181.3
2517100;Várzea - PB;2010;190.4
2517209;Vieirópolis - PB;2010;146.8
2517407;Zabelê - PB;2010;109.4
2600054;Abreu e Lima - PE;2010;130.3
2600104;Afogados da Ingazeira - PE;2010;377.7
2600203;Afrânio - PE;2010;1490.6
2600302;Agrestina - PE;2010;201.4
2600401;Água Preta - PE;2010;533.3
2600500;Águas Belas - PE;2010;886.0
2600609;Alagoinha - PE;2010;217.8
2600708;Aliança - PE;2010;272.8
2600807;Altinho - PE;2010;454.5
2600906;Amaraji - PE;2010;235.0
2601003;Angelim - PE;2010;118.0
2601052;Araçoiaba - PE;2010;92.3
2601102;Araripina - PE;2010;1892.6
2601201;Arcoverde - PE;2010;350.9
2601300;Barra de Guabiraba - PE;2010;114.6
2601409;Barreiros - PE;2010;233.4
2601508;Belém de Maria - PE;2010;73.7
2601607;Belém do São Francisco - PE;2010;1830.8
2601706;Belo Jardim - PE;2010;647.7
2601805;Betânia - PE;2010;1244.1
2601904;Bezerros - PE;2010;490.8
2602001;Bodocó - PE;2010;1616.5
2602100;Bom Conselho - PE;2010;792.2
2602209;Bom Jardim - PE;2010;218.4
2602308;Bonito - PE;2010;395.6
2602407;Brejão - PE;2010;159.8
2602506;Brejinho - PE;2010;106.3
2602605;Brejo da Madre de Deus - PE;2010;762.4
2602704;Buenos Aires - PE;2010;93.2
2602803;Buíque - PE;2010;1347.6
2602902;Cabo de Santo Agostinho - PE;2010;446.6
2603009;Cabrobó - PE;2010;1657.9
2603108;Cachoeirinha - PE;2010;179.3
2603207;Caetés - PE;2010;329.5
2603306;Calçado - PE;2010;121.9
2603405;Calumbi - PE;2010;179.3
2603454;Camaragibe - PE;2010;51.2
2603504;Camocim de São Félix - PE;2010;72.5
2603603;Camutanga - PE;2010;37.5
2603702;Canhotinho - PE;2010;423.1
2603801;Capoeiras - PE;2010;336.3
2603900;Carnaíba - PE;2010;427.8
2603926;Carnaubeira da Penha - PE;2010;1004.7
2604007;Carpina - PE;2010;144.9
2604106;Caruaru - PE;2010;920.6
2604155;Casinhas - PE;2010;115.9
2604205;Catende - PE;2010;207.2
2604304;Cedro - PE;2010;171.6
2604403;Chã de Alegria - PE;2010;48.5
2604502;Chã Grande - PE;2010;84.8
2604601;Condado - PE;2010;89.6
2604700;Correntes - PE;2010;328.7
2604809;Cortês - PE;2010;101.3
2604908;Cumaru - PE;2010;292.2
2605004;Cupira - PE;2010;105.6
2605103;Custódia - PE;2010;1404.1
2605152;Dormentes - PE;2010;1537.6
2605202;Escada - PE;2010;347.0
2605301;Exu - PE;2010;1337.5
2605400;Feira Nova - PE;2010;107.7
2605459;Fernando de Noronha - PE;2010;17.0
2605509;Ferreiros - PE;2010;89.3
2605608;Flores - PE;2010;995.6
2605707;Floresta - PE;2010;3644.2
2605806;Frei Miguelinho - PE;2010;212.7
2605905;Gameleira - PE;2010;256.0
2606002;Garanhuns - PE;2010;458.6
2606101;Glória do Goitá - PE;2010;231.8
2606200;Goiana - PE;2010;501.9
2606309;Granito - PE;2010;521.9
2606408;Gravatá - PE;2010;505.1
2606507;Iati - PE;2010;635.1
2606606;Ibimirim - PE;2010;1954.7
2606705;Ibirajuba - PE;2010;189.6
2606804;Igarassu - PE;2010;305.6
2606903;Iguaracy - PE;2010;838.1
2607000;Inajá - PE;2010;1182.5
2607109;Ingazeira - PE;2010;243.7
2607208;Ipojuca - PE;2010;532.6
2607307;Ipubi - PE;2010;861.4
2607406;Itacuruba - PE;2010;430.0
2607505;Itaíba - PE;2010;1083.7
2607604;Ilha de Itamaracá - PE;2010;66.7
2607653;Itambé - PE;2010;304.8
2607703;Itapetim - PE;2010;404.8
2607752;Itapissuma - PE;2010;74.2
2607802;Itaquitinga - PE;2010;103.4
2607901;Jaboatão dos Guararapes - PE;2010;258.6
2607950;Jaqueira - PE;2010;87.2
2608008;Jataúba - PE;2010;672.2
2608057;Jatobá - PE;2010;277.9
2608107;João Alfredo - PE;2010;138.3
2608206;Joaquim Nabuco - PE;2010;121.9
2608255;Jucati - PE;2010;120.6
2608305;Jupi - PE;2010;105.0
2608404;Jurema - PE;2010;148.3
2608453;Lagoa do Carro - PE;2010;69.7
2608503;Lagoa de Itaenga - PE;2010;57.3
2608602;Lagoa do Ouro - PE;2010;198.8
2608701;Lagoa dos Gatos - PE;2010;222.9
2608750;Lagoa Grande - PE;2010;1852.3
2608800;Lajedo - PE;2010;189.1
2608909;Limoeiro - PE;2010;273.7
2609006;Macaparana - PE;2010;108.0
2609105;Machados - PE;2010;60.0
2609154;Manari - PE;2010;381.3
2609204;Maraial - PE;2010;199.9
2609303;Mirandiba - PE;2010;821.7
2609402;Moreno - PE;2010;196.1
2609501;Nazaré da Mata - PE;2010;150.3
2609600;Olinda - PE;2010;41.7
2609709;Orobó - PE;2010;138.7
2609808;Orocó - PE;2010;554.8
2609907;Ouricuri - PE;2010;2422.9
2610004;Palmares - PE;2010;339.3
2610103;Palmeirina - PE;2010;158.0
2610202;Panelas - PE;2010;370.9
2610301;Paranatama - PE;2010;230.9
2610400;Parnamirim - PE;2010;2595.9
2610509;Passira - PE;2010;326.8
2610608;Paudalho - PE;2010;277.5
2610707;Paulista - PE;2010;97.4
2610806;Pedra - PE;2010;803.1
2610905;Pesqueira - PE;2010;995.5
2611002;Petrolândia - PE;2010;1056.6
2611101;Petrolina - PE;2010;4558.4
2611200;Poção - PE;2010;246.7
2611309;Pombos - PE;2010;204.1
2611408;Primavera - PE;2010;110.2
2611507;Quipapá - PE;2010;230.6
2611533;Quixaba - PE;2010;210.7
2611606;Recife - PE;2010;218.5
2611705;Riacho das Almas - PE;2010;314.0
2611804;Ribeirão - PE;2010;287.9
2611903;Rio Formoso - PE;2010;227.5
2612000;Sairé - PE;2010;191.0
2612109;Salgadinho - PE;2010;88.8
2612208;Salgueiro - PE;2010;1686.8
2612307;Saloá - PE;2010;252.1
2612406;Sanharó - PE;2010;268.7
2612455;Santa Cruz - PE;2010;1255.9
2612471;Santa Cruz da Baixa Verde - PE;2010;114.9
2612505;Santa Cruz do Capibaribe - PE;2010;335.3
2612554;Santa Filomena - PE;2010;1005.0
2612604;Santa Maria da Boa Vista - PE;2010;3001.2
2612703;Santa Maria do Cambucá - PE;2010;92.1
2612802;Santa Terezinha - PE;2010;195.6
2612901;São Benedito do Sul - PE;2010;160.5
2613008;São Bento do Una - PE;2010;719.2
2613107;São Caitano - PE;2010;382.5
2613206;São João - PE;2010;258.3
2613305;São Joaquim do Monte - PE;2010;231.8
2613404;São José da Coroa Grande - PE;2010;69.3
2613503;São José do Belmonte - PE;2010;1474.1
2613602;São José do Egito - PE;2010;798.9
2613701;São Lourenço da Mata - PE;2010;262.2
2613800;São Vicente Férrer - PE;2010;114.0
2613909;Serra Talhada - PE;2010;2980.0
2614006;Serrita - PE;2010;1514.4
2614105;Sertânia - PE;2010;2421.5
2614204;Sirinhaém - PE;2010;369.1
2614303;Moreilândia - PE;2010;404.6
2614402;Solidão - PE;2010;138.4
2614501;Surubim - PE;2010;252.9
2614600;Tabira - PE;2010;388.0
2614709;Tacaimbó - PE;2010;227.6
2614808;Tacaratu - PE;2010;1264.5
2614857;Tamandaré - PE;2010;214.3
2615003;Taquaritinga do Norte - PE;2010;475.2
2615102;Terezinha - PE;2010;151.4
2615201;Terra Nova - PE;2010;321.4
2615300;Timbaúba - PE;2010;292.3
2615409;Toritama - PE;2010;25.7
2615508;Tracunhaém - PE;2010;118.4
2615607;Trindade - PE;2010;229.5
2615706;Triunfo - PE;2010;191.5
2615805;Tupanatinga - PE;2010;884.4
2615904;Tuparetama - PE;2010;178.6
2616001;Venturosa - PE;2010;320.7
2616100;Verdejante - PE;2010;476.0
2616183;Vertente do Lério - PE;2010;73.6
2616209;Vertentes - PE;2010;196.3
2616308;Vicência - PE;2010;228.0
2616407;Vitória de Santo Antão - PE;2010;371.8
2616506;Xexéu - PE;2010;110.8
2700102;Água Branca - AL;2010;454.6
2700201;Anadia - AL;2010;189.5
2700300;Arapiraca - AL;2010;356.2
2700409;Atalaia - AL;2010;528.8
2700508;Barra de Santo Antônio - AL;2010;138.4
2700607;Barra de São Miguel - AL;2010;76.6
2700706;Batalha - AL;2010;320.9
2700805;Belém - AL;2010;48.6
2700904;Belo Monte - AL;2010;334.1
2701001;Boca da Mata - AL;2010;186.5
2701100;Branquinha - AL;2010;166.3
2701209;Cacimbinhas - AL;2010;273.0
2701308;Cajueiro - AL;2010;124.3
2701357;Campestre - AL;2010;66.4
2701407;Campo Alegre - AL;2010;295.1
2701506;Campo Grande - AL;2010;167.3
2701605;Canapi - AL;2010;574.6
2701704;Capela - AL;2010;242.6
2701803;Carneiros - AL;2010;113.1
2701902;Chã Preta - AL;2010;172.8
2702009;Coité do Nóia - AL;2010;88.5
2702108;Colônia Leopoldina - AL;2010;207.9
2702207;Coqueiro Seco - AL;2010;39.7
2702306;Coruripe - AL;2010;918.2
2702355;Craíbas - AL;2010;271.3
2702405;Delmiro Gouveia - AL;2010;607.8
2702504;Dois Riachos - AL;2010;140.5
2702553;Estrela de Alagoas - AL;2010;259.8
2702603;Feira Grande - AL;2010;172.7
2702702;Feliz Deserto - AL;2010;91.8
2702801;Flexeiras - AL;2010;333.2
2702900;Girau do Ponciano - AL;2010;500.6
2703007;Ibateguara - AL;2010;265.3
2703106;Igaci - AL;2010;334.5
2703205;Igreja Nova - AL;2010;427.0
2703304;Inhapi - AL;2010;376.9
2703403;Jacaré dos Homens - AL;2010;142.3
2703502;Jacuípe - AL;2010;210.4
2703601;Japaratinga - AL;2010;85.9
2703700;Jaramataia - AL;2010;103.7
2703759;Jequiá da Praia - AL;2010;351.6
2703809;Joaquim Gomes - AL;2010;298.3
2703908;Jundiá - AL;2010;92.2
2704005;Junqueiro - AL;2010;241.6
2704104;Lagoa da Canoa - AL;2010;88.5
2704203;Limoeiro de Anadia - AL;2010;315.8
2704302;Maceió - AL;2010;503.1
2704401;Major Isidoro - AL;2010;453.9
2704500;Maragogi - AL;2010;334.0
2704609;Maravilha - AL;2010;302.1
2704708;Marechal Deodoro - AL;2010;331.7
2704807;Maribondo - AL;2010;174.3
2704906;Mar Vermelho - AL;2010;93.1
2705002;Mata Grande - AL;2010;908.0
2705101;Matriz de Camaragibe - AL;2010;220.0
2705200;Messias - AL;2010;113.8
2705309;Minador do Negrão - AL;2010;167.6
2705408;Monteirópolis - AL;2010;86.1
2705507;Murici - AL;2010;426.8
2705606;Novo Lino - AL;2010;233.4
2705705;Olho d'Água das Flores - AL;2010;183.4
2705804;Olho d'Água do Casado - AL;2010;322.9
2705903;Olho d'Água Grande - AL;2010;118.5
2706000;Olivença - AL;2010;173.0
2706109;Ouro Branco - AL;2010;204.8
2706208;Palestina - AL;2010;48.9
2706307;Palmeira dos Índios - AL;2010;452.7
2706406;Pão de Açúcar - AL;2010;683.0
2706422;Pariconha - AL;2010;258.5
2706448;Paripueira - AL;2010;93.0
2706505;Passo de Camaragibe - AL;2010;244.5
2706604;Paulo Jacinto - AL;2010;118.5
2706703;Penedo - AL;2010;689.2
2706802;Piaçabuçu - AL;2010;240.0
2706901;Pilar - AL;2010;249.7
2707008;Pindoba - AL;2010;117.6
2707107;Piranhas - AL;2010;408.1
2707206;Poço das Trincheiras - AL;2010;291.9
2707305;Porto Calvo - AL;2010;307.9
2707404;Porto de Pedras - AL;2010;257.7
2707503;Porto Real do Colégio - AL;2010;241.9
2707602;Quebrangulo - AL;2010;319.8
2707701;Rio Largo - AL;2010;306.3
2707800;Roteiro - AL;2010;129.3
2707909;Santa Luzia do Norte - AL;2010;29.6
2708006;Santana do Ipanema - AL;2010;437.9
2708105;Santana do Mundaú - AL;2010;224.8
2708204;São Brás - AL;2010;139.9
2708303;São José da Laje - AL;2010;256.6
2708402;São José da Tapera - AL;2010;495.1
2708501;São Luís do Quitunde - AL;2010;397.2
2708600;São Miguel dos Campos - AL;2010;360.8
2708709;São Miguel dos Milagres - AL;2010;76.7
2708808;São Sebastião - AL;2010;315.1
2708907;Satuba - AL;2010;42.6
2708956;Senador Rui Palmeira - AL;2010;342.7
2709004;Tanque d'Arca - AL;2010;129.5
2709103;Taquarana - AL;2010;166.0
2709152;Teotônio Vilela - AL;2010;297.9
2709202;Traipu - AL;2010;698.0
2709301;União dos Palmares - AL;2010;420.7
2709400;Viçosa - AL;2010;343.4
2800100;Amparo do São Francisco - SE;2010;35.1
2800209;Aquidabã - SE;2010;359.3
2800308;Aracaju - SE;2010;181.9
2800407;Arauá - SE;2010;192.7
2800506;Areia Branca - SE;2010;146.7
2800605;Barra dos Coqueiros - SE;2010;90.3
2800670;Boquim - SE;2010;205.9
2800704;Brejo Grande - SE;2010;148.9
2801009;Campo do Brito - SE;2010;201.7
2801108;Canhoba - SE;2010;170.3
2801207;Canindé de São Francisco - SE;2010;902.2
2801306;Capela - SE;2010;442.7
2801405;Carira - SE;2010;636.4
2801504;Carmópolis - SE;2010;45.9
2801603;Cedro de São João - SE;2010;83.7
2801702;Cristinápolis - SE;2010;236.2
2801900;Cumbe - SE;2010;128.6
2802007;Divina Pastora - SE;2010;91.8
2802106;Estância - SE;2010;644.1
2802205;Feira Nova - SE;2010;184.9
2802304;Frei Paulo - SE;2010;400.4
2802403;Gararu - SE;2010;655.0
2802502;General Maynard - SE;2010;20.0
2802601;Graccho Cardoso - SE;2010;242.1
2802700;Ilha das Flores - SE;2010;54.6
2802809;Indiaroba - SE;2010;313.5
2802908;Itabaiana - SE;2010;336.7
2803005;Itabaianinha - SE;2010;493.3
2803104;Itabi - SE;2010;184.4
2803203;Itaporanga d'Ajuda - SE;2010;739.9
2803302;Japaratuba - SE;2010;364.9
2803401;Japoatã - SE;2010;407.4
2803500;Lagarto - SE;2010;969.6
2803609;Laranjeiras - SE;2010;162.3
2803708;Macambira - SE;2010;136.9
2803807;Malhada dos Bois - SE;2010;63.2
2803906;Malhador - SE;2010;100.9
2804003;Maruim - SE;2010;93.8
2804102;Moita Bonita - SE;2010;95.8
2804201;Monte Alegre de Sergipe - SE;2010;407.4
2804300;Muribeca - SE;2010;75.9
2804409;Neópolis - SE;2010;266.0
2804458;Nossa Senhora Aparecida - SE;2010;340.4
2804508;Nossa Senhora da Glória - SE;2010;756.5
2804607;Nossa Senhora das Dores - SE;2010;483.3
2804706;Nossa Senhora de Lourdes - SE;2010;81.1
2804805;Nossa Senhora do Socorro - SE;2010;156.8
2804904;Pacatuba - SE;2010;373.8
2805000;Pedra Mole - SE;2010;82.0
2805109;Pedrinhas - SE;2010;33.9
2805208;Pinhão - SE;2010;155.9
2805307;Pirambu - SE;2010;205.9
2805406;Poço Redondo - SE;2010;1232.1
2805505;Poço Verde - SE;2010;440.1
2805604;Porto da Folha - SE;2010;877.3
2805703;Propriá - SE;2010;92.5
2805802;Riachão do Dantas - SE;2010;531.5
2805901;Riachuelo - SE;2010;78.9
2806008;Ribeirópolis - SE;2010;258.5
2806107;Rosário do Catete - SE;2010;105.7
2806206;Salgado - SE;2010;247.8
2806305;Santa Luzia do Itanhy - SE;2010;329.5
2806404;Santana do São Francisco - SE;2010;45.6
2806503;Santa Rosa de Lima - SE;2010;67.6
2806602;Santo Amaro das Brotas - SE;2010;234.2
2806701;São Cristóvão - SE;2010;436.9
2806800;São Domingos - SE;2010;102.5
2806909;São Francisco - SE;2010;83.9
2807006;São Miguel do Aleixo - SE;2010;144.1
2807105;Simão Dias - SE;2010;564.7
2807204;Siriri - SE;2010;165.8
2807303;Telha - SE;2010;49.0
2807402;Tobias Barreto - SE;2010;1021.3
2807501;Tomar do Geru - SE;2010;304.9
2807600;Umbaúba - SE;2010;121.1
2900108;Abaíra - BA;2010;530.5
2900207;Abaré - BA;2010;1485.0
2900306;Acajutiba - BA;2010;193.4
2900355;Adustina - BA;2010;632.1
2900405;Água Fria - BA;2010;661.9
2900504;Érico Cardoso - BA;2010;701.4
2900603;Aiquara - BA;2010;159.7
2900702;Alagoinhas - BA;2010;752.4
2900801;Alcobaça - BA;2010;1481.3
2900900;Almadina - BA;2010;251.1
2901007;Amargosa - BA;2010;463.2
2901106;Amélia Rodrigues - BA;2010;173.5
2901155;América Dourada - BA;2010;839.3
2901205;Anagé - BA;2010;1947.4
2901304;Andaraí - BA;2010;1861.7
2901353;Andorinha - BA;2010;1247.6
2901403;Angical - BA;2010;1527.9
2901502;Anguera - BA;2010;177.0
2901601;Antas - BA;2010;319.6
2901700;Antônio Cardoso - BA;2010;294.5
2901809;Antônio Gonçalves - BA;2010;313.9
2901908;Aporá - BA;2010;561.8
2901957;Apuarema - BA;2010;154.9
2902005;Aracatu - BA;2010;1489.8
2902054;Araçás - BA;2010;487.1
2902104;Araci - BA;2010;1556.1
2902203;Aramari - BA;2010;329.6
2902252;Arataca - BA;2010;375.2
2902302;Aratuípe - BA;2010;181.1
2902401;Aurelino Leal - BA;2010;457.8
2902500;Baianópolis - BA;2010;3342.6
2902609;Baixa Grande - BA;2010;946.6
2902658;Banzaê - BA;2010;227.2
2902708;Barra - BA;2010;11412.8
2902807;Barra da Estiva - BA;2010;1346.6
2902906;Barra do Choça - BA;2010;646.6
2903003;Barra do Mendes - BA;2010;1540.6
2903102;Barra do Rocha - BA;2010;208.4
2903201;Barreiras - BA;2010;7859.1
2903235;Barro Alto - BA;2010;416.7
2903276;Barrocas - BA;2010;201.0
2903300;Barro Preto - BA;2010;128.4
2903409;Belmonte - BA;2010;1961.2
2903508;Belo Campo - BA;2010;629.1
2903607;Biritinga - BA;2010;550.0
2903706;Boa Nova - BA;2010;868.8
2903805;Boa Vista do Tupim - BA;2010;2811.1
2903904;Bom Jesus da Lapa - BA;2010;4200.3
2903953;Bom Jesus da Serra - BA;2010;421.5
2904001;Boninal - BA;2010;934.0
2904050;Bonito - BA;2010;726.6
2904100;Boquira - BA;2010;1482.7
2904209;Botuporã - BA;2010;645.5
2904308;Brejões - BA;2010;480.8
2904407;Brejolândia - BA;2010;2744.5
2904506;Brotas de Macaúbas - BA;2010;2240.0
2904605;Brumado - BA;2010;2226.8
2904704;Buerarema - BA;2010;230.5
2904753;Buritirama - BA;2010;3942.2
2904803;Caatiba - BA;2010;491.3
2904852;Cabaceiras do Paraguaçu - BA;2010;226.0
2904902;Cachoeira - BA;2010;395.2
2905008;Caculé - BA;2010;668.4
2905107;Caém - BA;2010;548.1
2905156;Caetanos - BA;2010;774.7
2905206;Caetité - BA;2010;2442.9
2905305;Cafarnaum - BA;2010;675.4
2905404;Cairu - BA;2010;461.0
2905503;Caldeirão Grande - BA;2010;455.2
2905602;Camacan - BA;2010;626.7
2905701;Camaçari - BA;2010;784.7
2905800;Camamu - BA;2010;920.4
2905909;Campo Alegre de Lourdes - BA;2010;2781.4
2906006;Campo Formoso - BA;2010;7258.6
2906105;Canápolis - BA;2010;437.2
2906204;Canarana - BA;2010;576.4
2906303;Canavieiras - BA;2010;1327.0
2906402;Candeal - BA;2010;445.1
2906501;Candeias - BA;2010;258.4
2906600;Candiba - BA;2010;418.0
2906709;Cândido Sales - BA;2010;1617.5
2906808;Cansanção - BA;2010;1344.8
2906824;Canudos - BA;2010;3219.3
2906857;Capela do Alto Alegre - BA;2010;649.5
2906873;Capim Grosso - BA;2010;336.2
2906899;Caraíbas - BA;2010;805.6
2906907;Caravelas - BA;2010;2393.4
2907004;Cardeal da Silva - BA;2010;220.8
2907103;Carinhanha - BA;2010;2736.9
2907202;Casa Nova - BA;2010;9647.0
2907301;Castro Alves - BA;2010;711.7
2907400;Catolândia - BA;2010;642.6
2907509;Catu - BA;2010;416.2
2907558;Caturama - BA;2010;664.6
2907608;Central - BA;2010;602.4
2907707;Chorrochó - BA;2010;3005.3
2907806;Cícero Dantas - BA;2010;673.0
2907905;Cipó - BA;2010;128.3
2908002;Coaraci - BA;2010;282.6
2908101;Cocos - BA;2010;10148.1
2908200;Conceição da Feira - BA;2010;162.9
2908309;Conceição do Almeida - BA;2010;289.9
2908408;Conceição do Coité - BA;2010;1016.0
2908507;Conceição do Jacuípe - BA;2010;117.5
2908606;Conde - BA;2010;964.7
2908705;Condeúba - BA;2010;1285.9
2908804;Contendas do Sincorá - BA;2010;1044.7
2908903;Coração de Maria - BA;2010;348.2
2909000;Cordeiros - BA;2010;535.5
2909109;Coribe - BA;2010;2523.2
2909208;Coronel João Sá - BA;2010;883.4
2909307;Correntina - BA;2010;11941.0
2909406;Cotegipe - BA;2010;4196.1
2909505;Cravolândia - BA;2010;162.2
2909604;Crisópolis - BA;2010;607.7
2909703;Cristópolis - BA;2010;1043.1
2909802;Cruz das Almas - BA;2010;145.7
2909901;Curaçá - BA;2010;6079.0
2910008;Dário Meira - BA;2010;445.4
2910057;Dias d'Ávila - BA;2010;184.2
2910107;Dom Basílio - BA;2010;676.9
2910206;Dom Macedo Costa - BA;2010;84.8
2910305;Elísio Medrado - BA;2010;193.5
2910404;Encruzilhada - BA;2010;1982.5
2910503;Entre Rios - BA;2010;1215.3
2910602;Esplanada - BA;2010;1320.7
2910701;Euclides da Cunha - BA;2010;2235.3
2910727;Eunápolis - BA;2010;1179.1
2910750;Fátima - BA;2010;359.4
2910776;Feira da Mata - BA;2010;1668.5
2910800;Feira de Santana - BA;2010;1338.0
2910859;Filadélfia - BA;2010;570.1
2910909;Firmino Alves - BA;2010;162.4
2911006;Floresta Azul - BA;2010;293.5
2911105;Formosa do Rio Preto - BA;2010;16404.4
2911204;Gandu - BA;2010;243.2
2911253;Gavião - BA;2010;369.9
2911303;Gentio do Ouro - BA;2010;3700.1
2911402;Glória - BA;2010;1255.6
2911501;Gongogi - BA;2010;197.7
2911600;Governador Mangabeira - BA;2010;106.3
2911659;Guajeru - BA;2010;936.1
2911709;Guanambi - BA;2010;1296.7
2911808;Guaratinga - BA;2010;2325.4
2911857;Heliópolis - BA;2010;312.5
2911907;Iaçu - BA;2010;2451.5
2912004;Ibiassucê - BA;2010;426.7
2912103;Ibicaraí - BA;2010;231.9
2912202;Ibicoara - BA;2010;849.9
2912301;Ibicuí - BA;2010;1176.8
2912400;Ibipeba - BA;2010;1383.7
2912509;Ibipitanga - BA;2010;954.4
2912608;Ibiquera - BA;2010;945.3
2912707;Ibirapitanga - BA;2010;447.3
2912806;Ibirapuã - BA;2010;787.7
2912905;Ibirataia - BA;2010;294.9
2913002;Ibitiara - BA;2010;1847.6
2913101;Ibititá - BA;2010;624.1
2913200;Ibotirama - BA;2010;1722.3
2913309;Ichu - BA;2010;127.7
2913408;Igaporã - BA;2010;832.5
2913457;Igrapiúna - BA;2010;527.2
2913507;Iguaí - BA;2010;827.8
2913606;Ilhéus - BA;2010;1760.0
2913705;Inhambupe - BA;2010;1222.6
2913804;Ipecaetá - BA;2010;369.9
2913903;Ipiaú - BA;2010;267.3
2914000;Ipirá - BA;2010;3048.5
2914109;Ipupiara - BA;2010;1061.2
2914208;Irajuba - BA;2010;413.5
2914307;Iramaia - BA;2010;1947.3
2914406;Iraquara - BA;2010;1029.4
2914505;Irará - BA;2010;277.8
2914604;Irecê - BA;2010;319.0
2914653;Itabela - BA;2010;850.7
2914703;Itaberaba - BA;2010;2343.5
2914802;Itabuna - BA;2010;432.2
2914901;Itacaré - BA;2010;737.9
2915007;Itaeté - BA;2010;1208.7
2915106;Itagi - BA;2010;259.2
2915205;Itagibá - BA;2010;788.8
2915304;Itagimirim - BA;2010;839.1
2915353;Itaguaçu da Bahia - BA;2010;4451.2
2915403;Itaju do Colônia - BA;2010;1222.7
2915502;Itajuípe - BA;2010;284.5
2915601;Itamaraju - BA;2010;2274.3
2915700;Itamari - BA;2010;111.1
2915809;Itambé - BA;2010;1441.6
2915908;Itanagra - BA;2010;490.5
2916005;Itanhém - BA;2010;1463.8
2916104;Itaparica - BA;2010;118.0
2916203;Itapé - BA;2010;459.4
2916302;Itapebi - BA;2010;1005.4
2916401;Itapetinga - BA;2010;1627.5
2916500;Itapicuru - BA;2010;1585.6
2916609;Itapitanga - BA;2010;408.4
2916708;Itaquara - BA;2010;323.0
2916807;Itarantim - BA;2010;1805.1
2916856;Itatim - BA;2010;583.4
2916906;Itiruçu - BA;2010;313.7
2917003;Itiúba - BA;2010;1722.7
2917102;Itororó - BA;2010;313.6
2917201;Ituaçu - BA;2010;1216.3
2917300;Ituberá - BA;2010;417.3
2917334;Iuiu - BA;2010;1485.8
2917359;Jaborandi - BA;2010;9525.7
2917409;Jacaraci - BA;2010;1235.6
2917508;Jacobina - BA;2010;2360.0
2917607;Jaguaquara - BA;2010;928.2
2917706;Jaguarari - BA;2010;2456.5
2917805;Jaguaripe - BA;2010;898.7
2917904;Jandaíra - BA;2010;641.2
2918001;Jequié - BA;2010;3227.3
2918100;Jeremoabo - BA;2010;4656.1
2918209;Jiquiriçá - BA;2010;239.4
2918308;Jitaúna - BA;2010;218.9
2918357;João Dourado - BA;2010;914.9
2918407;Juazeiro - BA;2010;6500.7
2918456;Jucuruçu - BA;2010;1398.8
2918506;Jussara - BA;2010;948.6
2918555;Jussari - BA;2010;356.8
2918605;Jussiape - BA;2010;585.2
2918704;Lafaiete Coutinho - BA;2010;405.3
2918753;Lagoa Real - BA;2010;877.4
2918803;Laje - BA;2010;457.7
2918902;Lajedão - BA;2010;615.5
2919009;Lajedinho - BA;2010;776.1
2919058;Lajedo do Tabocal - BA;2010;431.9
2919108;Lamarão - BA;2010;174.3
2919157;Lapão - BA;2010;602.4
2919207;Lauro de Freitas - BA;2010;57.7
2919306;Lençóis - BA;2010;1277.0
2919405;Licínio de Almeida - BA;2010;843.4
2919504;Livramento de Nossa Senhora - BA;2010;2135.6
2919553;Luís Eduardo Magalhães - BA;2010;3941.1
2919603;Macajuba - BA;2010;650.3
2919702;Macarani - BA;2010;1287.5
2919801;Macaúbas - BA;2010;2994.1
2919900;Macururé - BA;2010;2294.3
2919926;Madre de Deus - BA;2010;32.2
2919959;Maetinga - BA;2010;681.7
2920007;Maiquinique - BA;2010;492.0
2920106;Mairi - BA;2010;952.7
2920205;Malhada - BA;2010;2008.4
2920304;Malhada de Pedras - BA;2010;529.0
2920403;Manoel Vitorino - BA;2010;2254.4
2920452;Mansidão - BA;2010;3177.4
2920502;Maracás - BA;2010;2253.2
2920601;Maragogipe - BA;2010;440.2
2920700;Maraú - BA;2010;823.4
2920809;Marcionílio Souza - BA;2010;1277.2
2920908;Mascote - BA;2010;772.5
2921005;Mata de São João - BA;2010;633.2
2921054;Matina - BA;2010;775.7
2921104;Medeiros Neto - BA;2010;1238.7
2921203;Miguel Calmon - BA;2010;1568.2
2921302;Milagres - BA;2010;284.4
2921401;Mirangaba - BA;2010;1697.7
2921450;Mirante - BA;2010;1061.0
2921500;Monte Santo - BA;2010;3186.9
2921609;Morpará - BA;2010;1696.9
2921708;Morro do Chapéu - BA;2010;5742.9
2921807;Mortugaba - BA;2010;612.2
2921906;Mucugê - BA;2010;2455.0
2922003;Mucuri - BA;2010;1780.6
2922052;Mulungu do Morro - BA;2010;566.0
2922102;Mundo Novo - BA;2010;1493.4
2922201;Muniz Ferreira - BA;2010;110.1
2922250;Muquém do São Francisco - BA;2010;3638.1
2922300;Muritiba - BA;2010;89.3
2922409;Mutuípe - BA;2010;283.2
2922508;Nazaré - BA;2010;253.8
2922607;Nilo Peçanha - BA;2010;399.3
2922656;Nordestina - BA;2010;461.2
2922706;Nova Canaã - BA;2010;853.7
2922730;Nova Fátima - BA;2010;349.9
2922755;Nova Ibiá - BA;2010;178.7
2922805;Nova Itarana - BA;2010;470.4
2922854;Nova Redenção - BA;2010;431.3
2922904;Nova Soure - BA;2010;950.4
2923001;Nova Viçosa - BA;2010;1322.9
2923035;Novo Horizonte - BA;2010;609.2
2923050;Novo Triunfo - BA;2010;251.4
2923100;Olindina - BA;2010;542.2
2923209;Oliveira dos Brejinhos - BA;2010;3512.7
2923308;Ouriçangas - BA;2010;155.1
2923357;Ourolândia - BA;2010;1487.7
2923407;Palmas de Monte Alto - BA;2010;2524.9
2923506;Palmeiras - BA;2010;657.7
2923605;Paramirim - BA;2010;1170.1
2923704;Paratinga - BA;2010;2614.8
2923803;Paripiranga - BA;2010;435.7
2923902;Pau Brasil - BA;2010;606.5
2924009;Paulo Afonso - BA;2010;1579.7
2924058;Pé de Serra - BA;2010;616.2
2924108;Pedrão - BA;2010;159.8
2924207;Pedro Alexandre - BA;2010;896.2
2924306;Piatã - BA;2010;1713.5
2924405;Pilão Arcado - BA;2010;11732.2
2924504;Pindaí - BA;2010;614.1
2924603;Pindobaçu - BA;2010;496.3
2924652;Pintadas - BA;2010;545.5
2924678;Piraí do Norte - BA;2010;187.3
2924702;Piripá - BA;2010;439.7
2924801;Piritiba - BA;2010;975.6
2924900;Planaltino - BA;2010;927.0
2925006;Planalto - BA;2010;961.7
2925105;Poções - BA;2010;826.5
2925204;Pojuca - BA;2010;290.1
2925253;Ponto Novo - BA;2010;497.3
2925303;Porto Seguro - BA;2010;2408.5
2925402;Potiraguá - BA;2010;985.5
2925501;Prado - BA;2010;1740.3
2925600;Presidente Dutra - BA;2010;163.6
2925709;Presidente Jânio Quadros - BA;2010;1185.1
2925758;Presidente Tancredo Neves - BA;2010;417.2
2925808;Queimadas - BA;2010;2024.2
2925907;Quijingue - BA;2010;1342.9
2925931;Quixabeira - BA;2010;387.7
2925956;Rafael Jambeiro - BA;2010;1218.9
2926004;Remanso - BA;2010;4684.0
2926103;Retirolândia - BA;2010;181.5
2926202;Riachão das Neves - BA;2010;5670.4
2926301;Riachão do Jacuípe - BA;2010;1190.2
2926400;Riacho de Santana - BA;2010;2582.2
2926509;Ribeira do Amparo - BA;2010;642.6
2926608;Ribeira do Pombal - BA;2010;788.6
2926657;Ribeirão do Largo - BA;2010;1271.3
2926707;Rio de Contas - BA;2010;1063.7
2926806;Rio do Antônio - BA;2010;814.3
2926905;Rio do Pires - BA;2010;819.8
2927002;Rio Real - BA;2010;716.9
2927101;Rodelas - BA;2010;2723.5
2927200;Ruy Barbosa - BA;2010;2171.4
2927309;Salinas da Margarida - BA;2010;149.8
2927408;Salvador - BA;2010;693.3
2927507;Santa Bárbara - BA;2010;345.6
2927606;Santa Brígida - BA;2010;882.9
2927705;Santa Cruz Cabrália - BA;2010;1562.7
2927804;Santa Cruz da Vitória - BA;2010;298.2
2927903;Santa Inês - BA;2010;315.7
2928000;Santaluz - BA;2010;1559.7
2928059;Santa Luzia - BA;2010;774.9
2928109;Santa Maria da Vitória - BA;2010;1966.8
2928208;Santana - BA;2010;1820.1
2928307;Santanópolis - BA;2010;230.8
2928406;Santa Rita de Cássia - BA;2010;5977.7
2928505;Santa Terezinha - BA;2010;707.2
2928604;Santo Amaro - BA;2010;492.9
2928703;Santo Antônio de Jesus - BA;2010;261.3
2928802;Santo Estêvão - BA;2010;363.0
2928901;São Desidério - BA;2010;15157.0
2928950;São Domingos - BA;2010;326.9
2929008;São Félix - BA;2010;99.2
2929057;São Félix do Coribe - BA;2010;949.4
2929107;São Felipe - BA;2010;206.0
2929206;São Francisco do Conde - BA;2010;262.9
2929255;São Gabriel - BA;2010;1199.5
2929305;São Gonçalo dos Campos - BA;2010;300.7
2929354;São José da Vitória - BA;2010;72.5
2929370;São José do Jacuípe - BA;2010;406.0
2929404;São Miguel das Matas - BA;2010;214.4
2929503;São Sebastião do Passé - BA;2010;538.3
2929602;Sapeaçu - BA;2010;117.2
2929701;Sátiro Dias - BA;2010;1010.0
2929750;Saubara - BA;2010;163.5
2929800;Saúde - BA;2010;504.3
2929909;Seabra - BA;2010;2517.3
2930006;Sebastião Laranjeiras - BA;2010;1948.5
2930105;Senhor do Bonfim - BA;2010;827.5
2930154;Serra do Ramalho - BA;2010;2593.4
2930204;Sento Sé - BA;2010;12698.8
2930303;Serra Dourada - BA;2010;1346.6
2930402;Serra Preta - BA;2010;536.5
2930501;Serrinha - BA;2010;658.9
2930600;Serrolândia - BA;2010;295.8
2930709;Simões Filho - BA;2010;201.2
2930758;Sítio do Mato - BA;2010;1751.0
2930766;Sítio do Quinto - BA;2010;702.1
2930774;Sobradinho - BA;2010;1238.9
2930808;Souto Soares - BA;2010;993.3
2930907;Tabocas do Brejo Velho - BA;2010;1375.8
2931004;Tanhaçu - BA;2010;1234.5
2931053;Tanque Novo - BA;2010;722.9
2931103;Tanquinho - BA;2010;219.9
2931202;Taperoá - BA;2010;410.8
2931301;Tapiramutá - BA;2010;663.9
2931350;Teixeira de Freitas - BA;2010;1163.9
2931400;Teodoro Sampaio - BA;2010;231.5
2931509;Teofilândia - BA;2010;335.5
2931608;Teolândia - BA;2010;317.8
2931707;Terra Nova - BA;2010;198.9
2931806;Tremedal - BA;2010;1679.6
2931905;Tucano - BA;2010;2799.1
2932002;Uauá - BA;2010;3035.2
2932101;Ubaíra - BA;2010;726.3
2932200;Ubaitaba - BA;2010;178.8
2932309;Ubatã - BA;2010;268.2
2932408;Uibaí - BA;2010;551.0
2932457;Umburanas - BA;2010;1670.5
2932507;Una - BA;2010;1177.5
2932606;Urandi - BA;2010;969.4
2932705;Uruçuca - BA;2010;392.0
2932804;Utinga - BA;2010;638.2
2932903;Valença - BA;2010;1192.6
2933000;Valente - BA;2010;384.3
2933059;Várzea da Roça - BA;2010;513.9
2933109;Várzea do Poço - BA;2010;204.9
2933158;Várzea Nova - BA;2010;1192.9
2933174;Varzedo - BA;2010;226.8
2933208;Vera Cruz - BA;2010;299.7
2933257;Vereda - BA;2010;874.2
2933307;Vitória da Conquista - BA;2010;3405.6
2933406;Wagner - BA;2010;421.0
2933455;Wanderley - BA;2010;2959.5
2933505;Wenceslau Guimarães - BA;2010;674.0
2933604;Xique-Xique - BA;2010;5502.3
3100104;Abadia dos Dourados - MG;2010;881.1
3100203;Abaeté - MG;2010;1817.1
3100302;Abre Campo - MG;2010;470.6
3100401;Acaiaca - MG;2010;101.9
3100500;Açucena - MG;2010;815.4
3100609;Água Boa - MG;2010;1320.3
3100708;Água Comprida - MG;2010;491.0
3100807;Aguanil - MG;2010;232.1
3100906;Águas Formosas - MG;2010;820.1
3101003;Águas Vermelhas - MG;2010;1258.8
3101102;Aimorés - MG;2010;1348.8
3101201;Aiuruoca - MG;2010;649.7
3101300;Alagoa - MG;2010;161.4
3101409;Albertina - MG;2010;58.0
3101508;Além Paraíba - MG;2010;510.4
3101607;Alfenas - MG;2010;850.4
3101631;Alfredo Vasconcelos - MG;2010;130.8
3101706;Almenara - MG;2010;2294.4
3101805;Alpercata - MG;2010;167.0
3101904;Alpinópolis - MG;2010;454.8
3102001;Alterosa - MG;2010;362.0
3102050;Alto Caparaó - MG;2010;103.7
3102100;Alto Rio Doce - MG;2010;518.1
3102209;Alvarenga - MG;2010;278.2
3102308;Alvinópolis - MG;2010;599.4
3102407;Alvorada de Minas - MG;2010;374.0
3102506;Amparo do Serra - MG;2010;145.9
3102605;Andradas - MG;2010;469.4
3102704;Cachoeira de Pajeú - MG;2010;695.7
3102803;Andrelândia - MG;2010;1005.3
3102852;Angelândia - MG;2010;185.2
3102902;Antônio Carlos - MG;2010;529.9
3103009;Antônio Dias - MG;2010;787.1
3103108;Antônio Prado de Minas - MG;2010;83.8
3103207;Araçaí - MG;2010;186.5
3103306;Aracitaba - MG;2010;106.6
3103405;Araçuaí - MG;2010;2236.3
3103504;Araguari - MG;2010;2729.5
3103603;Arantina - MG;2010;89.4
3103702;Araponga - MG;2010;303.8
3103751;Araporã - MG;2010;295.8
3103801;Arapuá - MG;2010;173.9
3103900;Araújos - MG;2010;245.7
3104007;Araxá - MG;2010;1164.4
3104106;Arceburgo - MG;2010;162.9
3104205;Arcos - MG;2010;509.9
3104304;Areado - MG;2010;283.1
3104403;Argirita - MG;2010;159.4
3104452;Aricanduva - MG;2010;243.3
3104502;Arinos - MG;2010;5279.4
3104601;Astolfo Dutra - MG;2010;158.9
3104700;Ataléia - MG;2010;1837.0
3104809;Augusto de Lima - MG;2010;1254.8
3104908;Baependi - MG;2010;750.6
3105004;Baldim - MG;2010;556.3
3105103;Bambuí - MG;2010;1455.8
3105202;Bandeira - MG;2010;483.8
3105301;Bandeira do Sul - MG;2010;47.1
3105400;Barão de Cocais - MG;2010;340.6
3105509;Barão do Monte Alto - MG;2010;198.3
3105608;Barbacena - MG;2010;759.2
3105707;Barra Longa - MG;2010;383.6
3105905;Barroso - MG;2010;82.1
3106002;Bela Vista de Minas - MG;2010;109.1
3106101;Belmiro Braga - MG;2010;393.1
3106200;Belo Horizonte - MG;2010;331.4
3106309;Belo Oriente - MG;2010;334.9
3106408;Belo Vale - MG;2010;365.9
3106507;Berilo - MG;2010;587.1
3106606;Bertópolis - MG;2010;427.8
3106655;Berizal - MG;2010;488.8
3106705;Betim - MG;2010;342.8
3106804;Bias Fortes - MG;2010;283.5
3106903;Bicas - MG;2010;140.1
3107000;Biquinhas - MG;2010;458.9
3107109;Boa Esperança - MG;2010;860.7
3107208;Bocaina de Minas - MG;2010;503.8
3107307;Bocaiúva - MG;2010;3227.6
3107406;Bom Despacho - MG;2010;1223.9
3107505;Bom Jardim de Minas - MG;2010;412.0
3107604;Bom Jesus da Penha - MG;2010;208.3
3107703;Bom Jesus do Amparo - MG;2010;195.6
3107802;Bom Jesus do Galho - MG;2010;592.3
3107901;Bom Repouso - MG;2010;229.8
3108008;Bom Sucesso - MG;2010;705.0
3108107;Bonfim - MG;2010;301.9
3108206;Bonfinópolis de Minas - MG;2010;1789.2
3108255;Bonito de Minas - MG;2010;3904.9
3108305;Borda da Mata - MG;2010;301.1
3108404;Botelhos - MG;2010;334.1
3108503;Botumirim - MG;2010;1568.9
3108552;Brasilândia de Minas - MG;2010;2509.7
3108602;Brasília de Minas - MG;2010;1399.5
3108701;Brás Pires - MG;2010;223.4
3108800;Braúnas - MG;2010;378.3
3108909;Brazópolis - MG;2010;367.7
3109006;Brumadinho - MG;2010;639.4
3109105;Bueno Brandão - MG;2010;356.2
3109204;Buenópolis - MG;2010;1599.9
3109253;Bugre - MG;2010;161.9
3109303;Buritis - MG;2010;5225.2
3109402;Buritizeiro - MG;2010;7218.4
3109451;Cabeceira Grande - MG;2010;1031.3
3109501;Cabo Verde - MG;2010;368.2
3109600;Cachoeira da Prata - MG;2010;61.4
3109709;Cachoeira de Minas - MG;2010;304.2
3109808;Cachoeira Dourada - MG;2010;200.9
3109907;Caetanópolis - MG;2010;156.0
3110004;Caeté - MG;2010;542.6
3110103;Caiana - MG;2010;106.5
3110202;Cajuri - MG;2010;83.0
3110301;Caldas - MG;2010;711.4
3110400;Camacho - MG;2010;223.0
3110509;Camanducaia - MG;2010;528.5
3110608;Cambuí - MG;2010;244.6
3110707;Cambuquira - MG;2010;246.4
3110806;Campanário - MG;2010;442.4
3110905;Campanha - MG;2010;335.6
3111002;Campestre - MG;2010;577.8
3111101;Campina Verde - MG;2010;3650.8
3111150;Campo Azul - MG;2010;505.9
3111200;Campo Belo - MG;2010;528.2
3111309;Campo do Meio - MG;2010;275.4
3111408;Campo Florido - MG;2010;1264.2
3111507;Campos Altos - MG;2010;710.6
3111606;Campos Gerais - MG;2010;769.5
3111705;Canaã - MG;2010;174.9
3111804;Canápolis - MG;2010;839.7
3111903;Cana Verde - MG;2010;212.7
3112000;Candeias - MG;2010;720.5
3112059;Cantagalo - MG;2010;141.9
3112109;Caparaó - MG;2010;130.7
3112208;Capela Nova - MG;2010;111.1
3112307;Capelinha - MG;2010;965.4
3112406;Capetinga - MG;2010;297.9
3112505;Capim Branco - MG;2010;95.3
3112604;Capinópolis - MG;2010;620.7
3112653;Capitão Andrade - MG;2010;279.1
3112703;Capitão Enéas - MG;2010;971.6
3112802;Capitólio - MG;2010;521.8
3112901;Caputira - MG;2010;187.7
3113008;Caraí - MG;2010;1242.2
3113107;Caranaíba - MG;2010;160.0
3113206;Carandaí - MG;2010;485.7
3113305;Carangola - MG;2010;353.4
3113404;Caratinga - MG;2010;1258.8
3113503;Carbonita - MG;2010;1456.1
3113602;Careaçu - MG;2010;181.0
3113701;Carlos Chagas - MG;2010;3203.0
3113800;Carmésia - MG;2010;259.1
3113909;Carmo da Cachoeira - MG;2010;506.3
3114006;Carmo da Mata - MG;2010;357.2
3114105;Carmo de Minas - MG;2010;322.3
3114204;Carmo do Cajuru - MG;2010;455.8
3114303;Carmo do Paranaíba - MG;2010;1307.9
3114402;Carmo do Rio Claro - MG;2010;1065.7
3114501;Carmópolis de Minas - MG;2010;400.0
3114550;Carneirinho - MG;2010;2063.3
3114600;Carrancas - MG;2010;727.9
3114709;Carvalhópolis - MG;2010;81.1
3114808;Carvalhos - MG;2010;282.3
3114907;Casa Grande - MG;2010;157.7
3115003;Cascalho Rico - MG;2010;367.3
3115102;Cássia - MG;2010;665.8
3115201;Conceição da Barra de Minas - MG;2010;273.0
3115300;Cataguases - MG;2010;491.8
3115359;Catas Altas - MG;2010;240.0
3115409;Catas Altas da Noruega - MG;2010;141.6
3115458;Catuji - MG;2010;419.5
3115474;Catuti - MG;2010;287.8
3115508;Caxambu - MG;2010;100.5
3115607;Cedro do Abaeté - MG;2010;283.2
3115706;Central de Minas - MG;2010;204.3
3115805;Centralina - MG;2010;327.2
3115904;Chácara - MG;2010;152.8
3116001;Chalé - MG;2010;212.7
3116100;Chapada do Norte - MG;2010;831.0
3116159;Chapada Gaúcha - MG;2010;3255.2
3116209;Chiador - MG;2010;252.9
3116308;Cipotânea - MG;2010;153.5
3116407;Claraval - MG;2010;227.6
3116506;Claro dos Poções - MG;2010;720.4
3116605;Cláudio - MG;2010;630.7
3116704;Coimbra - MG;2010;106.9
3116803;Coluna - MG;2010;348.5
3116902;Comendador Gomes - MG;2010;1041.0
3117009;Comercinho - MG;2010;655.0
3117108;Conceição da Aparecida - MG;2010;352.5
3117207;Conceição das Pedras - MG;2010;102.2
3117306;Conceição das Alagoas - MG;2010;1340.3
3117405;Conceição de Ipanema - MG;2010;253.9
3117504;Conceição do Mato Dentro - MG;2010;1726.8
3117603;Conceição do Pará - MG;2010;250.3
3117702;Conceição do Rio Verde - MG;2010;369.7
3117801;Conceição dos Ouros - MG;2010;183.0
3117836;Cônego Marinho - MG;2010;1642.0
3117876;Confins - MG;2010;42.4
3117900;Congonhal - MG;2010;205.1
3118007;Congonhas - MG;2010;304.1
3118106;Congonhas do Norte - MG;2010;398.9
3118205;Conquista - MG;2010;618.4
3118304;Conselheiro Lafaiete - MG;2010;370.2
3118403;Conselheiro Pena - MG;2010;1483.9
3118502;Consolação - MG;2010;86.4
3118601;Contagem - MG;2010;195.3
3118700;Coqueiral - MG;2010;296.2
3118809;Coração de Jesus - MG;2010;2225.2
3118908;Cordisburgo - MG;2010;823.7
3119005;Cordislândia - MG;2010;179.5
3119104;Corinto - MG;2010;2525.4
3119203;Coroaci - MG;2010;576.3
3119302;Coromandel - MG;2010;3313.1
3119401;Coronel Fabriciano - MG;2010;221.3
3119500;Coronel Murta - MG;2010;815.4
3119609;Coronel Pacheco - MG;2010;131.5
3119708;Coronel Xavier Chaves - MG;2010;141.0
3119807;Córrego Danta - MG;2010;657.4
3119906;Córrego do Bom Jesus - MG;2010;123.7
3119955;Córrego Fundo - MG;2010;101.1
3120003;Córrego Novo - MG;2010;205.4
3120102;Couto de Magalhães de Minas - MG;2010;485.7
3120151;Crisólita - MG;2010;966.2
3120201;Cristais - MG;2010;628.4
3120300;Cristália - MG;2010;840.7
3120409;Cristiano Otoni - MG;2010;132.9
3120508;Cristina - MG;2010;311.3
3120607;Crucilândia - MG;2010;167.2
3120706;Cruzeiro da Fortaleza - MG;2010;188.1
3120805;Cruzília - MG;2010;522.4
3120839;Cuparaque - MG;2010;226.8
3120870;Curral de Dentro - MG;2010;568.3
3120904;Curvelo - MG;2010;3298.8
3121001;Datas - MG;2010;310.1
3121100;Delfim Moreira - MG;2010;408.5
3121209;Delfinópolis - MG;2010;1378.4
3121258;Delta - MG;2010;102.8
3121308;Descoberto - MG;2010;213.2
3121407;Desterro de Entre Rios - MG;2010;377.2
3121506;Desterro do Melo - MG;2010;142.3
3121605;Diamantina - MG;2010;3891.7
3121704;Diogo de Vasconcelos - MG;2010;165.1
3121803;Dionísio - MG;2010;344.4
3121902;Divinésia - MG;2010;117.0
3122009;Divino - MG;2010;337.8
3122108;Divino das Laranjeiras - MG;2010;342.2
3122207;Divinolândia de Minas - MG;2010;133.1
3122306;Divinópolis - MG;2010;708.1
3122355;Divisa Alegre - MG;2010;117.8
3122405;Divisa Nova - MG;2010;217.0
3122454;Divisópolis - MG;2010;572.9
3122470;Dom Bosco - MG;2010;817.4
3122504;Dom Cavati - MG;2010;59.5
3122603;Dom Joaquim - MG;2010;398.8
3122702;Dom Silvério - MG;2010;195.0
3122801;Dom Viçoso - MG;2010;113.9
3122900;Dona Euzébia - MG;2010;70.2
3123007;Dores de Campos - MG;2010;124.8
3123106;Dores de Guanhães - MG;2010;382.1
3123205;Dores do Indaiá - MG;2010;1111.2
3123304;Dores do Turvo - MG;2010;231.2
3123403;Doresópolis - MG;2010;152.9
3123502;Douradoquara - MG;2010;312.9
3123528;Durandé - MG;2010;217.5
3123601;Elói Mendes - MG;2010;499.5
3123700;Engenheiro Caldas - MG;2010;187.1
3123809;Engenheiro Navarro - MG;2010;608.3
3123858;Entre Folhas - MG;2010;85.2
3123908;Entre Rios de Minas - MG;2010;456.8
3124005;Ervália - MG;2010;357.5
3124104;Esmeraldas - MG;2010;911.4
3124203;Espera Feliz - MG;2010;317.6
3124302;Espinosa - MG;2010;1869.0
3124401;Espírito Santo do Dourado - MG;2010;263.9
3124500;Estiva - MG;2010;243.9
3124609;Estrela Dalva - MG;2010;131.4
3124708;Estrela do Indaiá - MG;2010;636.0
3124807;Estrela do Sul - MG;2010;822.5
3124906;Eugenópolis - MG;2010;309.4
3125002;Ewbank da Câmara - MG;2010;103.8
3125101;Extrema - MG;2010;244.6
3125200;Fama - MG;2010;86.0
3125309;Faria Lemos - MG;2010;165.2
3125408;Felício dos Santos - MG;2010;357.6
3125507;São Gonçalo do Rio Preto - MG;2010;314.5
3125606;Felisburgo - MG;2010;596.2
3125705;Felixlândia - MG;2010;1554.6
3125804;Fernandes Tourinho - MG;2010;151.9
3125903;Ferros - MG;2010;1088.8
3125952;Fervedouro - MG;2010;357.7
3126000;Florestal - MG;2010;191.4
3126109;Formiga - MG;2010;1501.9
3126208;Formoso - MG;2010;3685.7
3126307;Fortaleza de Minas - MG;2010;218.8
3126406;Fortuna de Minas - MG;2010;198.7
3126505;Francisco Badaró - MG;2010;461.3
3126604;Francisco Dumont - MG;2010;1576.1
3126703;Francisco Sá - MG;2010;2747.3
3126752;Franciscópolis - MG;2010;717.1
3126802;Frei Gaspar - MG;2010;626.7
3126901;Frei Inocêncio - MG;2010;469.6
3126950;Frei Lagonegro - MG;2010;167.5
3127008;Fronteira - MG;2010;200.0
3127057;Fronteira dos Vales - MG;2010;320.8
3127073;Fruta de Leite - MG;2010;762.8
3127107;Frutal - MG;2010;2427.0
3127206;Funilândia - MG;2010;199.8
3127305;Galiléia - MG;2010;720.4
3127339;Gameleiras - MG;2010;1733.2
3127354;Glaucilândia - MG;2010;145.9
3127370;Goiabeira - MG;2010;112.4
3127388;Goianá - MG;2010;152.0
3127404;Gonçalves - MG;2010;187.4
3127503;Gonzaga - MG;2010;209.3
3127602;Gouveia - MG;2010;866.6
3127701;Governador Valadares - MG;2010;2342.3
3127800;Grão Mogol - MG;2010;3885.3
3127909;Grupiara - MG;2010;193.1
3128006;Guanhães - MG;2010;1075.1
3128105;Guapé - MG;2010;934.3
3128204;Guaraciaba - MG;2010;348.6
3128253;Guaraciama - MG;2010;390.3
3128303;Guaranésia - MG;2010;294.8
3128402;Guarani - MG;2010;264.2
3128501;Guarará - MG;2010;88.7
3128600;Guarda-Mor - MG;2010;2069.8
3128709;Guaxupé - MG;2010;286.4
3128808;Guidoval - MG;2010;158.4
3128907;Guimarânia - MG;2010;366.8
3129004;Guiricema - MG;2010;293.6
3129103;Gurinhatã - MG;2010;1849.1
3129202;Heliodora - MG;2010;154.0
3129301;Iapu - MG;2010;340.6
3129400;Ibertioga - MG;2010;346.2
3129509;Ibiá - MG;2010;2704.1
3129608;Ibiaí - MG;2010;874.8
3129657;Ibiracatu - MG;2010;353.4
3129707;Ibiraci - MG;2010;562.1
3129806;Ibirité - MG;2010;72.6
3129905;Ibitiúra de Minas - MG;2010;68.3
3130002;Ibituruna - MG;2010;153.1
3130051;Icaraí de Minas - MG;2010;625.7
3130101;Igarapé - MG;2010;110.3
3130200;Igaratinga - MG;2010;218.3
3130309;Iguatama - MG;2010;628.2
3130408;Ijaci - MG;2010;105.2
3130507;Ilicínea - MG;2010;376.3
3130556;Imbé de Minas - MG;2010;196.7
3130606;Inconfidentes - MG;2010;149.6
3130655;Indaiabira - MG;2010;1004.1
3130705;Indianópolis - MG;2010;830.0
3130804;Ingaí - MG;2010;305.6
3130903;Inhapim - MG;2010;858.0
3131000;Inhaúma - MG;2010;245.0
3131109;Inimutaba - MG;2010;524.5
3131158;Ipaba - MG;2010;113.1
3131208;Ipanema - MG;2010;456.6
3131307;Ipatinga - MG;2010;164.9
3131406;Ipiaçu - MG;2010;466.0
3131505;Ipuiúna - MG;2010;298.2
3131604;Iraí de Minas - MG;2010;356.3
3131703;Itabira - MG;2010;1253.7
3131802;Itabirinha - MG;2010;209.0
3131901;Itabirito - MG;2010;542.6
3132008;Itacambira - MG;2010;1788.4
3132107;Itacarambi - MG;2010;1225.3
3132206;Itaguara - MG;2010;410.5
3132305;Itaipé - MG;2010;480.8
3132404;Itajubá - MG;2010;294.8
3132503;Itamarandiba - MG;2010;2735.6
3132602;Itamarati de Minas - MG;2010;94.6
3132701;Itambacuri - MG;2010;1419.2
3132800;Itambé do Mato Dentro - MG;2010;380.3
3132909;Itamogi - MG;2010;243.7
3133006;Itamonte - MG;2010;431.8
3133105;Itanhandu - MG;2010;143.4
3133204;Itanhomi - MG;2010;488.8
3133303;Itaobim - MG;2010;679.0
3133402;Itapagipe - MG;2010;1802.4
3133501;Itapecerica - MG;2010;1040.5
3133600;Itapeva - MG;2010;177.3
3133709;Itatiaiuçu - MG;2010;295.1
3133758;Itaú de Minas - MG;2010;153.4
3133808;Itaúna - MG;2010;495.8
3133907;Itaverava - MG;2010;284.2
3134004;Itinga - MG;2010;1649.6
3134103;Itueta - MG;2010;452.7
3134202;Ituiutaba - MG;2010;2598.0
3134301;Itumirim - MG;2010;234.8
3134400;Iturama - MG;2010;1404.7
3134509;Itutinga - MG;2010;372.0
3134608;Jaboticatubas - MG;2010;1114.2
3134707;Jacinto - MG;2010;1393.6
3134806;Jacuí - MG;2010;409.2
3134905;Jacutinga - MG;2010;347.8
3135001;Jaguaraçu - MG;2010;163.8
3135050;Jaíba - MG;2010;2626.3
3135076;Jampruca - MG;2010;517.1
3135100;Janaúba - MG;2010;2181.3
3135209;Januária - MG;2010;6661.7
3135308;Japaraíba - MG;2010;172.1
3135357;Japonvar - MG;2010;374.9
3135407;Jeceaba - MG;2010;236.3
3135456;Jenipapo de Minas - MG;2010;284.5
3135506;Jequeri - MG;2010;547.9
3135605;Jequitaí - MG;2010;1268.4
3135704;Jequitibá - MG;2010;445.0
3135803;Jequitinhonha - MG;2010;3514.2
3135902;Jesuânia - MG;2010;153.9
3136009;Joaíma - MG;2010;1664.2
3136108;Joanésia - MG;2010;233.3
3136207;João Monlevade - MG;2010;99.2
3136306;João Pinheiro - MG;2010;10727.5
3136405;Joaquim Felício - MG;2010;790.9
3136504;Jordânia - MG;2010;546.7
3136520;José Gonçalves de Minas - MG;2010;381.3
3136553;José Raydan - MG;2010;180.8
3136579;Josenópolis - MG;2010;541.4
3136603;Nova União - MG;2010;172.1
3136652;Juatuba - MG;2010;99.5
3136702;Juiz de Fora - MG;2010;1435.7
3136801;Juramento - MG;2010;431.6
3136900;Juruaia - MG;2010;220.4
3136959;Juvenília - MG;2010;1064.7
3137007;Ladainha - MG;2010;866.3
3137106;Lagamar - MG;2010;1474.6
3137205;Lagoa da Prata - MG;2010;440.0
3137304;Lagoa dos Patos - MG;2010;600.5
3137403;Lagoa Dourada - MG;2010;476.7
3137502;Lagoa Formosa - MG;2010;840.9
3137536;Lagoa Grande - MG;2010;1236.3
3137601;Lagoa Santa - MG;2010;230.1
3137700;Lajinha - MG;2010;431.9
3137809;Lambari - MG;2010;213.1
3137908;Lamim - MG;2010;118.6
3138005;Laranjal - MG;2010;204.9
3138104;Lassance - MG;2010;3204.2
3138203;Lavras - MG;2010;564.7
3138302;Leandro Ferreira - MG;2010;352.1
3138351;Leme do Prado - MG;2010;280.0
3138401;Leopoldina - MG;2010;943.1
3138500;Liberdade - MG;2010;401.3
3138609;Lima Duarte - MG;2010;848.6
3138625;Limeira do Oeste - MG;2010;1319.0
3138658;Lontra - MG;2010;259.2
3138674;Luisburgo - MG;2010;145.4
3138682;Luislândia - MG;2010;411.7
3138708;Luminárias - MG;2010;500.1
3138807;Luz - MG;2010;1171.7
3138906;Machacalis - MG;2010;332.4
3139003;Machado - MG;2010;586.0
3139102;Madre de Deus de Minas - MG;2010;492.9
3139201;Malacacheta - MG;2010;727.9
3139250;Mamonas - MG;2010;291.4
3139300;Manga - MG;2010;1950.2
3139409;Manhuaçu - MG;2010;628.3
3139508;Manhumirim - MG;2010;182.9
3139607;Mantena - MG;2010;685.2
3139706;Maravilhas - MG;2010;261.6
3139805;Mar de Espanha - MG;2010;371.6
3139904;Maria da Fé - MG;2010;202.9
3140001;Mariana - MG;2010;1194.2
3140100;Marilac - MG;2010;158.8
3140159;Mário Campos - MG;2010;35.2
3140209;Maripá de Minas - MG;2010;77.3
3140308;Marliéria - MG;2010;545.8
3140407;Marmelópolis - MG;2010;107.9
3140506;Martinho Campos - MG;2010;1048.1
3140530;Martins Soares - MG;2010;113.3
3140555;Mata Verde - MG;2010;227.5
3140605;Materlândia - MG;2010;280.5
3140704;Mateus Leme - MG;2010;302.8
3140803;Matias Barbosa - MG;2010;157.1
3140852;Matias Cardoso - MG;2010;1949.7
3140902;Matipó - MG;2010;267.0
3141009;Mato Verde - MG;2010;472.2
3141108;Matozinhos - MG;2010;252.3
3141207;Matutina - MG;2010;261.0
3141306;Medeiros - MG;2010;946.4
3141405;Medina - MG;2010;1435.9
3141504;Mendes Pimentel - MG;2010;305.5
3141603;Mercês - MG;2010;348.3
3141702;Mesquita - MG;2010;274.9
3141801;Minas Novas - MG;2010;1812.4
3141900;Minduri - MG;2010;219.8
3142007;Mirabela - MG;2010;723.3
3142106;Miradouro - MG;2010;301.7
3142205;Miraí - MG;2010;320.7
3142254;Miravânia - MG;2010;602.1
3142304;Moeda - MG;2010;155.1
3142403;Moema - MG;2010;202.7
3142502;Monjolos - MG;2010;650.9
3142601;Monsenhor Paulo - MG;2010;216.5
3142700;Montalvânia - MG;2010;1503.8
3142809;Monte Alegre de Minas - MG;2010;2596.0
3142908;Monte Azul - MG;2010;994.2
3143005;Monte Belo - MG;2010;421.3
3143104;Monte Carmelo - MG;2010;1343.0
3143153;Monte Formoso - MG;2010;385.6
3143203;Monte Santo de Minas - MG;2010;594.6
3143302;Montes Claros - MG;2010;3568.9
3143401;Monte Sião - MG;2010;291.6
3143450;Montezuma - MG;2010;1130.4
3143500;Morada Nova de Minas - MG;2010;2084.3
3143609;Morro da Garça - MG;2010;414.8
3143708;Morro do Pilar - MG;2010;477.5
3143807;Munhoz - MG;2010;191.6
3143906;Muriaé - MG;2010;841.7
3144003;Mutum - MG;2010;1250.8
3144102;Muzambinho - MG;2010;409.9
3144201;Nacip Raydan - MG;2010;233.5
3144300;Nanuque - MG;2010;1518.0
3144359;Naque - MG;2010;127.2
3144375;Natalândia - MG;2010;468.7
3144409;Natércia - MG;2010;188.7
3144508;Nazareno - MG;2010;329.1
3144607;Nepomuceno - MG;2010;582.6
3144656;Ninheira - MG;2010;1108.2
3144672;Nova Belém - MG;2010;146.8
3144706;Nova Era - MG;2010;361.9
3144805;Nova Lima - MG;2010;429.1
3144904;Nova Módica - MG;2010;376.0
3145000;Nova Ponte - MG;2010;1111.0
3145059;Nova Porteirinha - MG;2010;120.9
3145109;Nova Resende - MG;2010;390.2
3145208;Nova Serrana - MG;2010;282.4
3145307;Novo Cruzeiro - MG;2010;1703.0
3145356;Novo Oriente de Minas - MG;2010;755.1
3145372;Novorizonte - MG;2010;271.9
3145406;Olaria - MG;2010;178.2
3145455;Olhos-d'Água - MG;2010;2092.1
3145505;Olímpio Noronha - MG;2010;54.6
3145604;Oliveira - MG;2010;897.3
3145703;Oliveira Fortes - MG;2010;111.1
3145802;Onça de Pitangui - MG;2010;247.0
3145851;Oratórios - MG;2010;89.1
3145877;Orizânia - MG;2010;121.8
3145901;Ouro Branco - MG;2010;258.7
3146008;Ouro Fino - MG;2010;533.7
3146107;Ouro Preto - MG;2010;1245.9
3146206;Ouro Verde de Minas - MG;2010;175.5
3146255;Padre Carvalho - MG;2010;446.3
3146305;Padre Paraíso - MG;2010;544.4
3146404;Paineiras - MG;2010;637.3
3146503;Pains - MG;2010;421.9
3146552;Pai Pedro - MG;2010;839.8
3146602;Paiva - MG;2010;58.4
3146701;Palma - MG;2010;316.5
3146750;Palmópolis - MG;2010;433.2
3146909;Papagaios - MG;2010;553.6
3147006;Paracatu - MG;2010;8229.6
3147105;Pará de Minas - MG;2010;551.2
3147204;Paraguaçu - MG;2010;424.3
3147303;Paraisópolis - MG;2010;331.2
3147402;Paraopeba - MG;2010;625.6
3147501;Passabém - MG;2010;94.2
3147600;Passa Quatro - MG;2010;277.2
3147709;Passa Tempo - MG;2010;429.2
3147808;Passa Vinte - MG;2010;246.6
3147907;Passos - MG;2010;1338.1
3147956;Patis - MG;2010;444.2
3148004;Patos de Minas - MG;2010;3189.8
3148103;Patrocínio - MG;2010;2874.3
3148202;Patrocínio do Muriaé - MG;2010;108.2
3148301;Paula Cândido - MG;2010;268.3
3148400;Paulistas - MG;2010;220.6
3148509;Pavão - MG;2010;601.2
3148608;Peçanha - MG;2010;996.6
3148707;Pedra Azul - MG;2010;1595.1
3148756;Pedra Bonita - MG;2010;173.9
3148806;Pedra do Anta - MG;2010;163.4
3148905;Pedra do Indaiá - MG;2010;347.9
3149002;Pedra Dourada - MG;2010;70.0
3149101;Pedralva - MG;2010;218.0
3149150;Pedras de Maria da Cruz - MG;2010;1525.5
3149200;Pedrinópolis - MG;2010;357.9
3149309;Pedro Leopoldo - MG;2010;293.0
3149408;Pedro Teixeira - MG;2010;113.0
3149507;Pequeri - MG;2010;90.8
3149606;Pequi - MG;2010;204.0
3149705;Perdigão - MG;2010;249.1
3149804;Perdizes - MG;2010;2450.8
3149903;Perdões - MG;2010;270.7
3149952;Periquito - MG;2010;228.9
3150000;Pescador - MG;2010;317.5
3150109;Piau - MG;2010;192.2
3150158;Piedade de Caratinga - MG;2010;109.3
3150208;Piedade de Ponte Nova - MG;2010;83.7
3150307;Piedade do Rio Grande - MG;2010;322.8
3150406;Piedade dos Gerais - MG;2010;259.6
3150505;Pimenta - MG;2010;415.0
3150539;Pingo-d'Água - MG;2010;66.6
3150570;Pintópolis - MG;2010;1228.7
3150604;Piracema - MG;2010;280.3
3150703;Pirajuba - MG;2010;338.0
3150802;Piranga - MG;2010;658.8
3150901;Piranguçu - MG;2010;203.6
3151008;Piranguinho - MG;2010;124.8
3151107;Pirapetinga - MG;2010;190.7
3151206;Pirapora - MG;2010;549.5
3151305;Piraúba - MG;2010;144.3
3151404;Pitangui - MG;2010;569.6
3151503;Piumhi - MG;2010;902.5
3151602;Planura - MG;2010;317.5
3151701;Poço Fundo - MG;2010;474.2
3151800;Poços de Caldas - MG;2010;547.3
3151909;Pocrane - MG;2010;691.1
3152006;Pompéu - MG;2010;2551.1
3152105;Ponte Nova - MG;2010;470.6
3152131;Ponto Chique - MG;2010;602.8
3152170;Ponto dos Volantes - MG;2010;1212.4
3152204;Porteirinha - MG;2010;1749.7
3152303;Porto Firme - MG;2010;284.8
3152402;Poté - MG;2010;625.1
3152501;Pouso Alegre - MG;2010;543.1
3152600;Pouso Alto - MG;2010;261.7
3152709;Prados - MG;2010;264.1
3152808;Prata - MG;2010;4847.5
3152907;Pratápolis - MG;2010;215.5
3153004;Pratinha - MG;2010;622.5
3153103;Presidente Bernardes - MG;2010;236.8
3153202;Presidente Juscelino - MG;2010;695.9
3153301;Presidente Kubitschek - MG;2010;189.2
3153400;Presidente Olegário - MG;2010;3503.8
3153509;Alto Jequitibá - MG;2010;152.3
3153608;Prudente de Morais - MG;2010;124.2
3153707;Quartel Geral - MG;2010;556.4
3153806;Queluzito - MG;2010;153.6
3153905;Raposos - MG;2010;72.2
3154002;Raul Soares - MG;2010;763.4
3154101;Recreio - MG;2010;234.3
3154150;Reduto - MG;2010;151.9
3154200;Resende Costa - MG;2010;618.3
3154309;Resplendor - MG;2010;1081.8
3154408;Ressaquinha - MG;2010;184.6
3154457;Riachinho - MG;2010;1780.6
3154507;Riacho dos Machados - MG;2010;1315.5
3154606;Ribeirão das Neves - MG;2010;154.5
3154705;Ribeirão Vermelho - MG;2010;49.3
3154804;Rio Acima - MG;2010;229.8
3154903;Rio Casca - MG;2010;384.4
3155009;Rio Doce - MG;2010;112.1
3155108;Rio do Prado - MG;2010;479.8
3155207;Rio Espera - MG;2010;238.6
3155306;Rio Manso - MG;2010;231.5
3155405;Rio Novo - MG;2010;209.3
3155504;Rio Paranaíba - MG;2010;1352.4
3155603;Rio Pardo de Minas - MG;2010;3117.4
3155702;Rio Piracicaba - MG;2010;373.0
3155801;Rio Pomba - MG;2010;252.4
3155900;Rio Preto - MG;2010;348.1
3156007;Rio Vermelho - MG;2010;986.6
3156106;Ritápolis - MG;2010;404.8
3156205;Rochedo de Minas - MG;2010;79.4
3156304;Rodeiro - MG;2010;72.7
3156403;Romaria - MG;2010;407.6
3156452;Rosário da Limeira - MG;2010;111.2
3156502;Rubelita - MG;2010;1110.3
3156601;Rubim - MG;2010;965.2
3156700;Sabará - MG;2010;302.2
3156809;Sabinópolis - MG;2010;919.8
3156908;Sacramento - MG;2010;3073.3
3157005;Salinas - MG;2010;1887.6
3157104;Salto da Divisa - MG;2010;937.9
3157203;Santa Bárbara - MG;2010;684.1
3157252;Santa Bárbara do Leste - MG;2010;107.4
3157278;Santa Bárbara do Monte Verde - MG;2010;417.8
3157302;Santa Bárbara do Tugúrio - MG;2010;194.6
3157336;Santa Cruz de Minas - MG;2010;3.6
3157377;Santa Cruz de Salinas - MG;2010;589.6
3157401;Santa Cruz do Escalvado - MG;2010;258.7
3157500;Santa Efigênia de Minas - MG;2010;132.0
3157609;Santa Fé de Minas - MG;2010;2917.4
3157658;Santa Helena de Minas - MG;2010;276.4
3157708;Santa Juliana - MG;2010;723.8
3157807;Santa Luzia - MG;2010;235.3
3157906;Santa Margarida - MG;2010;255.7
3158003;Santa Maria de Itabira - MG;2010;597.4
3158102;Santa Maria do Salto - MG;2010;440.6
3158201;Santa Maria do Suaçuí - MG;2010;624.0
3158300;Santana da Vargem - MG;2010;172.4
3158409;Santana de Cataguases - MG;2010;161.5
3158508;Santana de Pirapama - MG;2010;1255.8
3158607;Santana do Deserto - MG;2010;182.7
3158706;Santana do Garambéu - MG;2010;203.1
3158805;Santana do Jacaré - MG;2010;106.2
3158904;Santana do Manhuaçu - MG;2010;347.4
3158953;Santana do Paraíso - MG;2010;276.1
3159001;Santana do Riacho - MG;2010;677.2
3159100;Santana dos Montes - MG;2010;196.6
3159209;Santa Rita de Caldas - MG;2010;503.0
3159308;Santa Rita de Jacutinga - MG;2010;420.9
3159357;Santa Rita de Minas - MG;2010;68.2
3159407;Santa Rita de Ibitipoca - MG;2010;324.2
3159506;Santa Rita do Itueto - MG;2010;485.1
3159605;Santa Rita do Sapucaí - MG;2010;353.0
3159704;Santa Rosa da Serra - MG;2010;284.3
3159803;Santa Vitória - MG;2010;3001.4
3159902;Santo Antônio do Amparo - MG;2010;488.9
3160009;Santo Antônio do Aventureiro - MG;2010;202.0
3160108;Santo Antônio do Grama - MG;2010;130.2
3160207;Santo Antônio do Itambé - MG;2010;305.7
3160306;Santo Antônio do Jacinto - MG;2010;503.4
3160405;Santo Antônio do Monte - MG;2010;1125.8
3160454;Santo Antônio do Retiro - MG;2010;796.3
3160504;Santo Antônio do Rio Abaixo - MG;2010;107.3
3160603;Santo Hipólito - MG;2010;430.7
3160702;Santos Dumont - MG;2010;637.4
3160801;São Bento Abade - MG;2010;80.4
3160900;São Brás do Suaçuí - MG;2010;110.0
3160959;São Domingos das Dores - MG;2010;60.9
3161007;São Domingos do Prata - MG;2010;743.8
3161056;São Félix de Minas - MG;2010;162.6
3161106;São Francisco - MG;2010;3308.1
3161205;São Francisco de Paula - MG;2010;316.8
3161304;São Francisco de Sales - MG;2010;1128.9
3161403;São Francisco do Glória - MG;2010;164.6
3161502;São Geraldo - MG;2010;185.6
3161601;São Geraldo da Piedade - MG;2010;152.3
3161650;São Geraldo do Baixio - MG;2010;281.0
3161700;São Gonçalo do Abaeté - MG;2010;2692.2
3161809;São Gonçalo do Pará - MG;2010;265.7
3161908;São Gonçalo do Rio Abaixo - MG;2010;363.8
3162005;São Gonçalo do Sapucaí - MG;2010;516.7
3162104;São Gotardo - MG;2010;866.1
3162203;São João Batista do Glória - MG;2010;547.9
3162252;São João da Lagoa - MG;2010;998.0
3162302;São João da Mata - MG;2010;120.5
3162401;São João da Ponte - MG;2010;1851.1
3162450;São João das Missões - MG;2010;678.3
3162500;São João del Rei - MG;2010;1464.3
3162559;São João do Manhuaçu - MG;2010;143.1
3162575;São João do Manteninha - MG;2010;137.9
3162609;São João do Oriente - MG;2010;120.1
3162658;São João do Pacuí - MG;2010;415.9
3162708;São João do Paraíso - MG;2010;1925.6
3162807;São João Evangelista - MG;2010;478.2
3162906;São João Nepomuceno - MG;2010;407.4
3162922;São Joaquim de Bicas - MG;2010;71.6
3162948;São José da Barra - MG;2010;314.3
3162955;São José da Lapa - MG;2010;47.9
3163003;São José da Safira - MG;2010;213.9
3163102;São José da Varginha - MG;2010;205.5
3163201;São José do Alegre - MG;2010;88.8
3163300;São José do Divino - MG;2010;328.7
3163409;São José do Goiabal - MG;2010;184.5
3163508;São José do Jacuri - MG;2010;345.1
3163607;São José do Mantimento - MG;2010;54.7
3163706;São Lourenço - MG;2010;58.0
3163805;São Miguel do Anta - MG;2010;152.1
3163904;São Pedro da União - MG;2010;260.8
3164001;São Pedro dos Ferros - MG;2010;402.8
3164100;São Pedro do Suaçuí - MG;2010;308.1
3164209;São Romão - MG;2010;2434.0
3164308;São Roque de Minas - MG;2010;2098.9
3164407;São Sebastião da Bela Vista - MG;2010;167.2
3164431;São Sebastião da Vargem Alegre - MG;2010;73.6
3164472;São Sebastião do Anta - MG;2010;80.6
3164506;São Sebastião do Maranhão - MG;2010;517.8
3164605;São Sebastião do Oeste - MG;2010;408.1
3164704;São Sebastião do Paraíso - MG;2010;814.9
3164803;São Sebastião do Rio Preto - MG;2010;128.0
3164902;São Sebastião do Rio Verde - MG;2010;92.2
3165008;São Tiago - MG;2010;572.4
3165107;São Tomás de Aquino - MG;2010;277.9
3165206;São Tomé das Letras - MG;2010;369.7
3165305;São Vicente de Minas - MG;2010;392.7
3165404;Sapucaí-Mirim - MG;2010;285.1
3165503;Sardoá - MG;2010;141.9
3165537;Sarzedo - MG;2010;62.1
3165552;Setubinha - MG;2010;534.7
3165560;Sem-Peixe - MG;2010;176.6
3165578;Senador Amaral - MG;2010;151.1
3165602;Senador Cortes - MG;2010;98.3
3165701;Senador Firmino - MG;2010;166.5
3165800;Senador José Bento - MG;2010;93.9
3165909;Senador Modestino Gonçalves - MG;2010;952.1
3166006;Senhora de Oliveira - MG;2010;170.7
3166105;Senhora do Porto - MG;2010;381.3
3166204;Senhora dos Remédios - MG;2010;237.8
3166303;Sericita - MG;2010;166.0
3166402;Seritinga - MG;2010;114.8
3166501;Serra Azul de Minas - MG;2010;218.6
3166600;Serra da Saudade - MG;2010;335.7
3166709;Serra dos Aimorés - MG;2010;213.6
3166808;Serra do Salitre - MG;2010;1295.3
3166907;Serrania - MG;2010;209.3
3166956;Serranópolis de Minas - MG;2010;552.0
3167004;Serranos - MG;2010;213.2
3167103;Serro - MG;2010;1217.8
3167202;Sete Lagoas - MG;2010;537.6
3167301;Silveirânia - MG;2010;157.5
3167400;Silvianópolis - MG;2010;312.2
3167509;Simão Pereira - MG;2010;135.7
3167608;Simonésia - MG;2010;486.5
3167707;Sobrália - MG;2010;206.8
3167806;Soledade de Minas - MG;2010;196.9
3167905;Tabuleiro - MG;2010;211.1
3168002;Taiobeiras - MG;2010;1194.5
3168051;Taparuba - MG;2010;193.1
3168101;Tapira - MG;2010;1179.2
3168200;Tapiraí - MG;2010;407.9
3168309;Taquaraçu de Minas - MG;2010;329.2
3168408;Tarumirim - MG;2010;731.8
3168507;Teixeiras - MG;2010;166.7
3168606;Teófilo Otoni - MG;2010;3242.3
3168705;Timóteo - MG;2010;144.4
3168804;Tiradentes - MG;2010;83.0
3168903;Tiros - MG;2010;2091.8
3169000;Tocantins - MG;2010;173.9
3169059;Tocos do Moji - MG;2010;114.7
3169109;Toledo - MG;2010;136.8
3169208;Tombos - MG;2010;285.1
3169307;Três Corações - MG;2010;828.0
3169356;Três Marias - MG;2010;2678.3
3169406;Três Pontas - MG;2010;689.8
3169505;Tumiritinga - MG;2010;500.1
3169604;Tupaciguara - MG;2010;1824.0
3169703;Turmalina - MG;2010;1153.1
3169802;Turvolândia - MG;2010;221.0
3169901;Ubá - MG;2010;407.5
3170008;Ubaí - MG;2010;820.5
3170057;Ubaporanga - MG;2010;189.0
3170107;Uberaba - MG;2010;4524.0
3170206;Uberlândia - MG;2010;4115.2
3170305;Umburatiba - MG;2010;405.8
3170404;Unaí - MG;2010;8447.1
3170438;União de Minas - MG;2010;1147.4
3170479;Uruana de Minas - MG;2010;598.5
3170503;Urucânia - MG;2010;138.8
3170529;Urucuia - MG;2010;2076.9
3170578;Vargem Alegre - MG;2010;116.7
3170602;Vargem Bonita - MG;2010;409.9
3170651;Vargem Grande do Rio Pardo - MG;2010;491.5
3170701;Varginha - MG;2010;395.4
3170750;Varjão de Minas - MG;2010;651.6
3170800;Várzea da Palma - MG;2010;2220.3
3170909;Varzelândia - MG;2010;815.0
3171006;Vazante - MG;2010;1913.4
3171030;Verdelândia - MG;2010;1570.6
3171071;Veredinha - MG;2010;631.7
3171105;Veríssimo - MG;2010;1031.8
3171154;Vermelho Novo - MG;2010;115.2
3171204;Vespasiano - MG;2010;71.2
3171303;Viçosa - MG;2010;299.4
3171402;Vieiras - MG;2010;112.7
3171501;Mathias Lobato - MG;2010;172.3
3171600;Virgem da Lapa - MG;2010;868.9
3171709;Virgínia - MG;2010;326.5
3171808;Virginópolis - MG;2010;439.9
3171907;Virgolândia - MG;2010;281.0
3172004;Visconde do Rio Branco - MG;2010;243.4
3172103;Volta Grande - MG;2010;208.1
3172202;Wenceslau Braz - MG;2010;102.5
3200102;Afonso Cláudio - ES;2010;954.7
3200136;Águia Branca - ES;2010;449.6
3200169;Água Doce do Norte - ES;2010;484.0
3200201;Alegre - ES;2010;772.7
3200300;Alfredo Chaves - ES;2010;615.6
3200359;Alto Rio Novo - ES;2010;227.7
3200409;Anchieta - ES;2010;407.8
3200508;Apiacá - ES;2010;193.6
3200607;Aracruz - ES;2010;1436.0
3200706;Atílio Vivácqua - ES;2010;226.8
3200805;Baixo Guandu - ES;2010;917.9
3200904;Barra de São Francisco - ES;2010;933.8
3201001;Boa Esperança - ES;2010;428.6
3201100;Bom Jesus do Norte - ES;2010;89.0
3201159;Brejetuba - ES;2010;342.5
3201209;Cachoeiro de Itapemirim - ES;2010;876.8
3201308;Cariacica - ES;2010;280.0
3201407;Castelo - ES;2010;664.2
3201506;Colatina - ES;2010;1423.3
3201605;Conceição da Barra - ES;2010;1187.8
3201704;Conceição do Castelo - ES;2010;369.3
3201803;Divino de São Lourenço - ES;2010;175.8
3201902;Domingos Martins - ES;2010;1225.3
3202009;Dores do Rio Preto - ES;2010;158.5
3202108;Ecoporanga - ES;2010;2283.2
3202207;Fundão - ES;2010;279.5
3202256;Governador Lindenberg - ES;2010;359.6
3202306;Guaçuí - ES;2010;467.8
3202405;Guarapari - ES;2010;595.5
3202454;Ibatiba - ES;2010;241.1
3202504;Ibiraçu - ES;2010;199.8
3202553;Ibitirama - ES;2010;329.4
3202603;Iconha - ES;2010;202.9
3202652;Irupi - ES;2010;184.4
3202702;Itaguaçu - ES;2010;530.4
3202801;Itapemirim - ES;2010;557.3
3202900;Itarana - ES;2010;299.1
3203007;Iúna - ES;2010;460.4
3203056;Jaguaré - ES;2010;656.4
3203106;Jerônimo Monteiro - ES;2010;162.2
3203130;João Neiva - ES;2010;272.8
3203163;Laranja da Terra - ES;2010;457.0
3203205;Linhares - ES;2010;3501.6
3203304;Mantenópolis - ES;2010;320.7
3203320;Marataízes - ES;2010;135.4
3203346;Marechal Floriano - ES;2010;286.1
3203353;Marilândia - ES;2010;309.4
3203403;Mimoso do Sul - ES;2010;867.3
3203502;Montanha - ES;2010;1097.9
3203601;Mucurici - ES;2010;538.8
3203700;Muniz Freire - ES;2010;679.9
3203809;Muqui - ES;2010;326.9
3203908;Nova Venécia - ES;2010;1448.4
3204005;Pancas - ES;2010;823.8
3204054;Pedro Canário - ES;2010;434.1
3204104;Pinheiros - ES;2010;975.4
3204203;Piúma - ES;2010;74.6
3204252;Ponto Belo - ES;2010;356.2
3204302;Presidente Kennedy - ES;2010;586.5
3204351;Rio Bananal - ES;2010;645.5
3204401;Rio Novo do Sul - ES;2010;203.7
3204500;Santa Leopoldina - ES;2010;716.4
3204559;Santa Maria de Jetibá - ES;2010;735.6
3204609;Santa Teresa - ES;2010;694.5
3204658;São Domingos do Norte - ES;2010;299.5
3204708;São Gabriel da Palha - ES;2010;432.8
3204807;São José do Calçado - ES;2010;272.6
3204906;São Mateus - ES;2010;2343.2
3204955;São Roque do Canaã - ES;2010;342.4
3205002;Serra - ES;2010;553.5
3205010;Sooretama - ES;2010;593.4
3205036;Vargem Alta - ES;2010;414.7
3205069;Venda Nova do Imigrante - ES;2010;187.9
3205101;Viana - ES;2010;311.6
3205150;Vila Pavão - ES;2010;432.7
3205176;Vila Valério - ES;2010;464.4
3205200;Vila Velha - ES;2010;212.4
3205309;Vitória - ES;2010;98.5
3300100;Angra dos Reis - RJ;2010;825.1
3300159;Aperibé - RJ;2010;94.6
3300209;Araruama - RJ;2010;638.0
3300225;Areal - RJ;2010;110.9
3300233;Armação dos Búzios - RJ;2010;70.3
3300258;Arraial do Cabo - RJ;2010;160.3
3300308;Barra do Piraí - RJ;2010;579.0
3300407;Barra Mansa - RJ;2010;547.2
3300456;Belford Roxo - RJ;2010;77.8
3300506;Bom Jardim - RJ;2010;384.6
3300605;Bom Jesus do Itabapoana - RJ;2010;598.8
3300704;Cabo Frio - RJ;2010;410.4
3300803;Cachoeiras de Macacu - RJ;2010;953.8
3300902;Cambuci - RJ;2010;561.7
3300936;Carapebus - RJ;2010;308.1
3300951;Comendador Levy Gasparian - RJ;2010;106.9
3301009;Campos dos Goytacazes - RJ;2010;4026.7
3301108;Cantagalo - RJ;2010;749.3
3301157;Cardoso Moreira - RJ;2010;524.6
3301207;Carmo - RJ;2010;322.4
3301306;Casimiro de Abreu - RJ;2010;460.8
3301405;Conceição de Macabu - RJ;2010;347.3
3301504;Cordeiro - RJ;2010;116.3
3301603;Duas Barras - RJ;2010;375.1
3301702;Duque de Caxias - RJ;2010;467.6
3301801;Engenheiro Paulo de Frontin - RJ;2010;132.9
3301850;Guapimirim - RJ;2010;360.8
3301876;Iguaba Grande - RJ;2010;51.9
3301900;Itaboraí - RJ;2010;430.4
3302007;Itaguaí - RJ;2010;275.9
3302056;Italva - RJ;2010;293.8
3302106;Itaocara - RJ;2010;431.3
3302205;Itaperuna - RJ;2010;1105.3
3302254;Itatiaia - RJ;2010;245.1
3302270;Japeri - RJ;2010;81.9
3302304;Laje do Muriaé - RJ;2010;250.0
3302403;Macaé - RJ;2010;1216.8
3302452;Macuco - RJ;2010;77.7
3302502;Magé - RJ;2010;388.5
3302601;Mangaratiba - RJ;2010;353.1
3302700;Maricá - RJ;2010;362.6
3302809;Mendes - RJ;2010;97.0
3302858;Mesquita - RJ;2010;39.1
3302908;Miguel Pereira - RJ;2010;289.2
3303005;Miracema - RJ;2010;304.5
3303104;Natividade - RJ;2010;386.7
3303203;Nilópolis - RJ;2010;19.4
3303302;Niterói - RJ;2010;133.9
3303401;Nova Friburgo - RJ;2010;933.4
3303500;Nova Iguaçu - RJ;2010;521.2
3303609;Paracambi - RJ;2010;179.7
3303708;Paraíba do Sul - RJ;2010;580.5
3303807;Paraty - RJ;2010;925.1
3303856;Paty do Alferes - RJ;2010;318.8
3303906;Petrópolis - RJ;2010;795.8
3303955;Pinheiral - RJ;2010;76.5
3304003;Piraí - RJ;2010;505.4
3304102;Porciúncula - RJ;2010;302.0
3304110;Porto Real - RJ;2010;50.7
3304128;Quatis - RJ;2010;286.1
3304144;Queimados - RJ;2010;75.7
3304151;Quissamã - RJ;2010;712.9
3304201;Resende - RJ;2010;1095.3
3304300;Rio Bonito - RJ;2010;456.5
3304409;Rio Claro - RJ;2010;840.6
3304508;Rio das Flores - RJ;2010;478.3
3304524;Rio das Ostras - RJ;2010;229.0
3304557;Rio de Janeiro - RJ;2010;1200.3
3304607;Santa Maria Madalena - RJ;2010;814.8
3304706;Santo Antônio de Pádua - RJ;2010;603.4
3304755;São Francisco de Itabapoana - RJ;2010;1122.4
3304805;São Fidélis - RJ;2010;1031.6
3304904;São Gonçalo - RJ;2010;247.7
3305000;São João da Barra - RJ;2010;455.0
3305109;São João de Meriti - RJ;2010;35.2
3305133;São José de Ubá - RJ;2010;250.3
3305158;São José do Vale do Rio Preto - RJ;2010;220.4
3305208;São Pedro da Aldeia - RJ;2010;332.8
3305307;São Sebastião do Alto - RJ;2010;397.9
3305406;Sapucaia - RJ;2010;541.2
3305505;Saquarema - RJ;2010;353.6
3305554;Seropédica - RJ;2010;283.8
3305604;Silva Jardim - RJ;2010;937.5
3305703;Sumidouro - RJ;2010;395.5
3305752;Tanguá - RJ;2010;145.5
3305802;Teresópolis - RJ;2010;770.6
3305901;Trajano de Moraes - RJ;2010;589.8
3306008;Três Rios - RJ;2010;326.1
3306107;Valença - RJ;2010;1304.8
3306156;Varre-Sai - RJ;2010;190.1
3306206;Vassouras - RJ;2010;538.1
3306305;Volta Redonda - RJ;2010;182.5
3500105;Adamantina - SP;2010;411.4
3500204;Adolfo - SP;2010;211.1
3500303;Aguaí - SP;2010;474.7
3500402;Águas da Prata - SP;2010;143.0
3500501;Águas de Lindóia - SP;2010;60.1
3500550;Águas de Santa Bárbara - SP;2010;408.0
3500600;Águas de São Pedro - SP;2010;5.4
3500709;Agudos - SP;2010;966.2
3500758;Alambari - SP;2010;159.3
3500808;Alfredo Marcondes - SP;2010;118.4
3500907;Altair - SP;2010;313.9
3501004;Altinópolis - SP;2010;929.8
3501103;Alto Alegre - SP;2010;319.0
3501152;Alumínio - SP;2010;83.8
3501202;Álvares Florence - SP;2010;362.9
3501301;Álvares Machado - SP;2010;347.4
3501400;Álvaro de Carvalho - SP;2010;153.2
3501509;Alvinlândia - SP;2010;84.8
3501608;Americana - SP;2010;133.4
3501707;Américo Brasiliense - SP;2010;122.3
3501806;Américo de Campos - SP;2010;253.1
3501905;Amparo - SP;2010;445.6
3502002;Analândia - SP;2010;326.3
3502101;Andradina - SP;2010;964.2
3502200;Angatuba - SP;2010;1028.0
3502309;Anhembi - SP;2010;736.5
3502408;Anhumas - SP;2010;320.4
3502507;Aparecida - SP;2010;121.1
3502606;Aparecida d'Oeste - SP;2010;179.0
3502705;Apiaí - SP;2010;974.3
3502754;Araçariguama - SP;2010;146.3
3502804;Araçatuba - SP;2010;1167.4
3502903;Araçoiaba da Serra - SP;2010;255.4
3503000;Aramina - SP;2010;202.9
3503109;Arandu - SP;2010;285.9
3503158;Arapeí - SP;2010;156.8
3503208;Araraquara - SP;2010;1004.1
3503307;Araras - SP;2010;644.8
3503356;Arco-Íris - SP;2010;264.7
3503406;Arealva - SP;2010;505.0
3503505;Areias - SP;2010;305.2
3503604;Areiópolis - SP;2010;85.8
3503703;Ariranha - SP;2010;133.2
3503802;Artur Nogueira - SP;2010;178.0
3503901;Arujá - SP;2010;96.4
3503950;Aspásia - SP;2010;69.3
3504008;Assis - SP;2010;460.3
3504107;Atibaia - SP;2010;478.4
3504206;Auriflama - SP;2010;434.0
3504305;Avaí - SP;2010;540.5
3504404;Avanhandava - SP;2010;338.6
3504503;Avaré - SP;2010;1213.1
3504602;Bady Bassitt - SP;2010;108.5
3504701;Balbinos - SP;2010;91.6
3504800;Bálsamo - SP;2010;150.6
3504909;Bananal - SP;2010;616.0
3505005;Barão de Antonina - SP;2010;153.1
3505104;Barbosa - SP;2010;205.2
3505203;Bariri - SP;2010;444.1
3505302;Barra Bonita - SP;2010;149.9
3505351;Barra do Chapéu - SP;2010;405.7
3505401;Barra do Turvo - SP;2010;1007.8
3505500;Barretos - SP;2010;1565.6
3505609;Barrinha - SP;2010;145.6
3505708;Barueri - SP;2010;66.1
3505807;Bastos - SP;2010;171.9
3505906;Batatais - SP;2010;849.5
3506003;Bauru - SP;2010;667.7
3506102;Bebedouro - SP;2010;683.3
3506201;Bento de Abreu - SP;2010;301.4
3506300;Bernardino de Campos - SP;2010;244.2
3506359;Bertioga - SP;2010;490.0
3506409;Bilac - SP;2010;157.9
3506508;Birigui - SP;2010;530.9
3506607;Biritiba Mirim - SP;2010;317.2
3506706;Boa Esperança do Sul - SP;2010;690.8
3506805;Bocaina - SP;2010;363.9
3506904;Bofete - SP;2010;653.5
3507001;Boituva - SP;2010;249.0
3507100;Bom Jesus dos Perdões - SP;2010;107.6
3507159;Bom Sucesso de Itararé - SP;2010;133.6
3507209;Borá - SP;2010;118.5
3507308;Boracéia - SP;2010;122.1
3507407;Borborema - SP;2010;552.3
3507456;Borebi - SP;2010;348.0
3507506;Botucatu - SP;2010;1482.6
3507605;Bragança Paulista - SP;2010;512.6
3507704;Braúna - SP;2010;195.3
3507753;Brejo Alegre - SP;2010;105.4
3507803;Brodowski - SP;2010;279.5
3507902;Brotas - SP;2010;1101.4
3508009;Buri - SP;2010;1195.9
3508108;Buritama - SP;2010;326.8
3508207;Buritizal - SP;2010;266.4
3508306;Cabrália Paulista - SP;2010;239.9
3508405;Cabreúva - SP;2010;260.2
3508504;Caçapava - SP;2010;370.2
3508603;Cachoeira Paulista - SP;2010;288.0
3508702;Caconde - SP;2010;470.0
3508801;Cafelândia - SP;2010;920.1
3508900;Caiabu - SP;2010;252.8
3509007;Caieiras - SP;2010;96.7
3509106;Caiuá - SP;2010;552.1
3509205;Cajamar - SP;2010;131.4
3509254;Cajati - SP;2010;454.4
3509304;Cajobi - SP;2010;176.9
3509403;Cajuru - SP;2010;660.1
3509452;Campina do Monte Alegre - SP;2010;185.0
3509502;Campinas - SP;2010;795.0
3509601;Campo Limpo Paulista - SP;2010;79.6
3509700;Campos do Jordão - SP;2010;290.5
3509809;Campos Novos Paulista - SP;2010;484.0
3509908;Cananéia - SP;2010;1242.9
3509957;Canas - SP;2010;53.3
3510005;Cândido Mota - SP;2010;596.2
3510104;Cândido Rodrigues - SP;2010;70.3
3510153;Canitar - SP;2010;57.2
3510203;Capão Bonito - SP;2010;1640.2
3510302;Capela do Alto - SP;2010;169.9
3510401;Capivari - SP;2010;322.7
3510500;Caraguatatuba - SP;2010;485.4
3510609;Carapicuíba - SP;2010;34.6
3510708;Cardoso - SP;2010;639.7
3510807;Casa Branca - SP;2010;864.2
3510906;Cássia dos Coqueiros - SP;2010;191.7
3511003;Castilho - SP;2010;1065.8
3511102;Catanduva - SP;2010;290.6
3511201;Catiguá - SP;2010;148.4
3511300;Cedral - SP;2010;197.4
3511409;Cerqueira César - SP;2010;508.5
3511508;Cerquilho - SP;2010;127.8
3511607;Cesário Lange - SP;2010;190.8
3511706;Charqueada - SP;2010;175.8
3511904;Clementina - SP;2010;168.8
3512001;Colina - SP;2010;422.6
3512100;Colômbia - SP;2010;729.3
3512209;Conchal - SP;2010;182.8
3512308;Conchas - SP;2010;466.0
3512407;Cordeirópolis - SP;2010;137.6
3512506;Coroados - SP;2010;246.4
3512605;Coronel Macedo - SP;2010;303.9
3512704;Corumbataí - SP;2010;278.6
3512803;Cosmópolis - SP;2010;154.7
3512902;Cosmorama - SP;2010;443.8
3513009;Cotia - SP;2010;323.1
3513108;Cravinhos - SP;2010;311.2
3513207;Cristais Paulista - SP;2010;385.2
3513306;Cruzália - SP;2010;149.1
3513405;Cruzeiro - SP;2010;305.7
3513504;Cubatão - SP;2010;142.4
3513603;Cunha - SP;2010;1407.3
3513702;Descalvado - SP;2010;753.7
3513801;Diadema - SP;2010;30.8
3513850;Dirce Reis - SP;2010;88.4
3513900;Divinolândia - SP;2010;222.1
3514007;Dobrada - SP;2010;149.7
3514106;Dois Córregos - SP;2010;633.0
3514205;Dolcinópolis - SP;2010;78.3
3514304;Dourado - SP;2010;205.9
3514403;Dracena - SP;2010;488.0
3514502;Duartina - SP;2010;264.6
3514601;Dumont - SP;2010;111.3
3514700;Echaporã - SP;2010;515.4
3514809;Eldorado - SP;2010;1654.3
3514908;Elias Fausto - SP;2010;202.7
3514924;Elisiário - SP;2010;94.0
3514957;Embaúba - SP;2010;83.1
3515004;Embu das Artes - SP;2010;70.4
3515103;Embu-Guaçu - SP;2010;154.9
3515129;Emilianópolis - SP;2010;224.5
3515152;Engenheiro Coelho - SP;2010;109.9
3515186;Espírito Santo do Pinhal - SP;2010;389.4
3515194;Espírito Santo do Turvo - SP;2010;193.7
3515202;Estrela d'Oeste - SP;2010;296.4
3515301;Estrela do Norte - SP;2010;263.4
3515350;Euclides da Cunha Paulista - SP;2010;575.2
3515400;Fartura - SP;2010;429.2
3515509;Fernandópolis - SP;2010;550.0
3515608;Fernando Prestes - SP;2010;170.7
3515657;Fernão - SP;2010;100.8
3515707;Ferraz de Vasconcelos - SP;2010;29.9
3515806;Flora Rica - SP;2010;225.3
3515905;Floreal - SP;2010;204.3
3516002;Flórida Paulista - SP;2010;525.1
3516101;Florínea - SP;2010;225.6
3516200;Franca - SP;2010;605.7
3516309;Francisco Morato - SP;2010;49.3
3516408;Franco da Rocha - SP;2010;134.1
3516507;Gabriel Monteiro - SP;2010;138.5
3516606;Gália - SP;2010;356.0
3516705;Garça - SP;2010;555.6
3516804;Gastão Vidigal - SP;2010;180.9
3516853;Gavião Peixoto - SP;2010;243.8
3516903;General Salgado - SP;2010;493.3
3517000;Getulina - SP;2010;678.7
3517109;Glicério - SP;2010;273.6
3517208;Guaiçara - SP;2010;270.2
3517307;Guaimbê - SP;2010;218.0
3517406;Guaíra - SP;2010;1258.5
3517505;Guapiaçu - SP;2010;326.0
3517604;Guapiara - SP;2010;408.3
3517703;Guará - SP;2010;362.5
3517802;Guaraçaí - SP;2010;569.9
3517901;Guaraci - SP;2010;641.5
3518008;Guarani d'Oeste - SP;2010;85.5
3518107;Guarantã - SP;2010;461.1
3518206;Guararapes - SP;2010;956.3
3518305;Guararema - SP;2010;270.6
3518404;Guaratinguetá - SP;2010;752.4
3518503;Guareí - SP;2010;566.3
3518602;Guariba - SP;2010;270.3
3518701;Guarujá - SP;2010;142.9
3518800;Guarulhos - SP;2010;319.2
3518859;Guatapará - SP;2010;413.1
3518909;Guzolândia - SP;2010;252.0
3519006;Herculândia - SP;2010;364.6
3519055;Holambra - SP;2010;65.6
3519071;Hortolândia - SP;2010;62.5
3519105;Iacanga - SP;2010;547.4
3519204;Iacri - SP;2010;322.6
3519253;Iaras - SP;2010;401.3
3519303;Ibaté - SP;2010;290.7
3519402;Ibirá - SP;2010;271.9
3519501;Ibirarema - SP;2010;228.3
3519600;Ibitinga - SP;2010;689.3
3519709;Ibiúna - SP;2010;1057.5
3519808;Icém - SP;2010;362.6
3519907;Iepê - SP;2010;595.5
3520004;Igaraçu do Tietê - SP;2010;97.7
3520103;Igarapava - SP;2010;468.2
3520202;Igaratá - SP;2010;293.0
3520301;Iguape - SP;2010;1977.4
3520400;Ilhabela - SP;2010;347.5
3520426;Ilha Comprida - SP;2010;188.4
3520442;Ilha Solteira - SP;2010;656.2
3520509;Indaiatuba - SP;2010;311.4
3520608;Indiana - SP;2010;126.6
3520707;Indiaporã - SP;2010;279.6
3520806;Inúbia Paulista - SP;2010;87.4
3520905;Ipaussu - SP;2010;209.7
3521002;Iperó - SP;2010;170.0
3521101;Ipeúna - SP;2010;190.0
3521150;Ipiguá - SP;2010;136.8
3521200;Iporanga - SP;2010;1152.1
3521309;Ipuã - SP;2010;465.9
3521408;Iracemápolis - SP;2010;115.1
3521507;Irapuã - SP;2010;257.9
3521606;Irapuru - SP;2010;214.9
3521705;Itaberá - SP;2010;1082.1
3521804;Itaí - SP;2010;1111.2
3521903;Itajobi - SP;2010;502.1
3522000;Itaju - SP;2010;229.8
3522109;Itanhaém - SP;2010;599.6
3522158;Itaoca - SP;2010;183.0
3522208;Itapecerica da Serra - SP;2010;150.3
3522307;Itapetininga - SP;2010;1790.2
3522406;Itapeva - SP;2010;1826.3
3522505;Itapevi - SP;2010;83.1
3522604;Itapira - SP;2010;518.4
3522653;Itapirapuã Paulista - SP;2010;406.5
3522703;Itápolis - SP;2010;996.9
3522802;Itaporanga - SP;2010;507.7
3522901;Itapuí - SP;2010;140.8
3523008;Itapura - SP;2010;301.4
3523107;Itaquaquecetuba - SP;2010;83.0
3523206;Itararé - SP;2010;1003.6
3523305;Itariri - SP;2010;273.8
3523404;Itatiba - SP;2010;322.2
3523503;Itatinga - SP;2010;979.8
3523602;Itirapina - SP;2010;564.2
3523701;Itirapuã - SP;2010;161.1
3523800;Itobi - SP;2010;139.2
3523909;Itu - SP;2010;640.8
3524006;Itupeva - SP;2010;200.7
3524105;Ituverava - SP;2010;705.2
3524204;Jaborandi - SP;2010;273.4
3524303;Jaboticabal - SP;2010;706.6
3524402;Jacareí - SP;2010;459.7
3524501;Jaci - SP;2010;145.5
3524600;Jacupiranga - SP;2010;704.1
3524709;Jaguariúna - SP;2010;141.8
3524808;Jales - SP;2010;368.5
3524907;Jambeiro - SP;2010;184.3
3525003;Jandira - SP;2010;17.7
3525102;Jardinópolis - SP;2010;502.5
3525201;Jarinu - SP;2010;207.6
3525300;Jaú - SP;2010;685.8
3525409;Jeriquara - SP;2010;142.0
3525508;Joanópolis - SP;2010;375.1
3525607;João Ramalho - SP;2010;415.2
3525706;José Bonifácio - SP;2010;859.9
3525805;Júlio Mesquita - SP;2010;128.2
3525854;Jumirim - SP;2010;56.7
3525904;Jundiaí - SP;2010;431.5
3526001;Junqueirópolis - SP;2010;583.0
3526100;Juquiá - SP;2010;822.0
3526209;Juquitiba - SP;2010;522.1
3526308;Lagoinha - SP;2010;255.5
3526407;Laranjal Paulista - SP;2010;384.0
3526506;Lavínia - SP;2010;537.7
3526605;Lavrinhas - SP;2010;167.1
3526704;Leme - SP;2010;402.9
3526803;Lençóis Paulista - SP;2010;809.5
3526902;Limeira - SP;2010;581.0
3527009;Lindóia - SP;2010;48.8
3527108;Lins - SP;2010;570.2
3527207;Lorena - SP;2010;414.4
3527256;Lourdes - SP;2010;113.7
3527306;Louveira - SP;2010;55.1
3527405;Lucélia - SP;2010;314.8
3527504;Lucianópolis - SP;2010;189.8
3527603;Luís Antônio - SP;2010;598.4
3527702;Luiziânia - SP;2010;166.5
3527801;Lupércio - SP;2010;154.5
3527900;Lutécia - SP;2010;474.9
3528007;Macatuba - SP;2010;225.2
3528106;Macaubal - SP;2010;248.1
3528205;Macedônia - SP;2010;327.7
3528304;Magda - SP;2010;311.7
3528403;Mairinque - SP;2010;209.6
3528502;Mairiporã - SP;2010;320.9
3528601;Manduri - SP;2010;229.1
3528700;Marabá Paulista - SP;2010;917.7
3528809;Maracaí - SP;2010;533.9
3528858;Marapoama - SP;2010;111.3
3528908;Mariápolis - SP;2010;185.9
3529005;Marília - SP;2010;1170.3
3529104;Marinópolis - SP;2010;77.8
3529203;Martinópolis - SP;2010;1252.7
3529302;Matão - SP;2010;524.9
3529401;Mauá - SP;2010;61.3
3529500;Mendonça - SP;2010;195.0
3529609;Meridiano - SP;2010;229.2
3529658;Mesópolis - SP;2010;148.9
3529708;Miguelópolis - SP;2010;822.0
3529807;Mineiros do Tietê - SP;2010;213.2
3529906;Miracatu - SP;2010;1001.5
3530003;Mira Estrela - SP;2010;216.8
3530102;Mirandópolis - SP;2010;918.8
3530201;Mirante do Paranapanema - SP;2010;1239.1
3530300;Mirassol - SP;2010;243.2
3530409;Mirassolândia - SP;2010;166.2
3530508;Mococa - SP;2010;854.9
3530607;Mogi das Cruzes - SP;2010;713.3
3530706;Mogi Guaçu - SP;2010;812.2
3530805;Mogi Mirim - SP;2010;497.8
3530904;Mombuca - SP;2010;133.7
3531001;Monções - SP;2010;104.2
3531100;Mongaguá - SP;2010;142.1
3531209;Monte Alegre do Sul - SP;2010;110.3
3531308;Monte Alto - SP;2010;346.5
3531407;Monte Aprazível - SP;2010;496.9
3531506;Monte Azul Paulista - SP;2010;263.4
3531605;Monte Castelo - SP;2010;232.6
3531704;Monteiro Lobato - SP;2010;333.3
3531803;Monte Mor - SP;2010;240.5
3531902;Morro Agudo - SP;2010;1388.2
3532009;Morungaba - SP;2010;146.9
3532058;Motuca - SP;2010;228.7
3532108;Murutinga do Sul - SP;2010;250.8
3532157;Nantes - SP;2010;286.2
3532207;Narandiba - SP;2010;358.0
3532306;Natividade da Serra - SP;2010;833.4
3532405;Nazaré Paulista - SP;2010;325.9
3532504;Neves Paulista - SP;2010;218.3
3532603;Nhandeara - SP;2010;435.8
3532702;Nipoã - SP;2010;137.8
3532801;Nova Aliança - SP;2010;217.3
3532827;Nova Campina - SP;2010;385.4
3532843;Nova Canaã Paulista - SP;2010;124.4
3532868;Nova Castilho - SP;2010;183.2
3532900;Nova Europa - SP;2010;160.4
3533007;Nova Granada - SP;2010;531.9
3533106;Nova Guataporanga - SP;2010;34.1
3533205;Nova Independência - SP;2010;265.8
3533254;Novais - SP;2010;117.8
3533304;Nova Luzitânia - SP;2010;74.1
3533403;Nova Odessa - SP;2010;73.8
3533502;Novo Horizonte - SP;2010;931.7
3533601;Nuporanga - SP;2010;348.3
3533700;Ocauçu - SP;2010;300.4
3533809;Óleo - SP;2010;198.1
3533908;Olímpia - SP;2010;802.7
3534005;Onda Verde - SP;2010;243.1
3534104;Oriente - SP;2010;218.6
3534203;Orindiúva - SP;2010;248.1
3534302;Orlândia - SP;2010;291.8
3534401;Osasco - SP;2010;64.0
3534500;Oscar Bressane - SP;2010;221.3
3534609;Osvaldo Cruz - SP;2010;248.4
3534708;Ourinhos - SP;2010;296.3
3534757;Ouroeste - SP;2010;288.8
3534807;Ouro Verde - SP;2010;267.6
3534906;Pacaembu - SP;2010;338.5
3535002;Palestina - SP;2010;695.5
3535101;Palmares Paulista - SP;2010;82.1
3535200;Palmeira d'Oeste - SP;2010;319.2
3535309;Palmital - SP;2010;547.8
3535408;Panorama - SP;2010;356.3
3535507;Paraguaçu Paulista - SP;2010;999.9
3535606;Paraibuna - SP;2010;809.6
3535705;Paraíso - SP;2010;155.8
3535804;Paranapanema - SP;2010;1018.7
3535903;Paranapuã - SP;2010;140.5
3536000;Parapuã - SP;2010;365.7
3536109;Pardinho - SP;2010;209.9
3536208;Pariquera-Açu - SP;2010;359.3
3536257;Parisi - SP;2010;84.5
3536307;Patrocínio Paulista - SP;2010;602.8
3536406;Paulicéia - SP;2010;373.6
3536505;Paulínia - SP;2010;138.8
3536570;Paulistânia - SP;2010;256.7
3536604;Paulo de Faria - SP;2010;738.3
3536703;Pederneiras - SP;2010;729.0
3536802;Pedra Bela - SP;2010;158.6
3536901;Pedranópolis - SP;2010;260.2
3537008;Pedregulho - SP;2010;712.6
3537107;Pedreira - SP;2010;109.2
3537156;Pedrinhas Paulista - SP;2010;152.5
3537206;Pedro de Toledo - SP;2010;670.4
3537305;Penápolis - SP;2010;710.8
3537404;Pereira Barreto - SP;2010;978.9
3537503;Pereiras - SP;2010;223.3
3537602;Peruíbe - SP;2010;311.4
3537701;Piacatu - SP;2010;232.4
3537800;Piedade - SP;2010;746.9
3537909;Pilar do Sul - SP;2010;681.1
3538006;Pindamonhangaba - SP;2010;729.9
3538105;Pindorama - SP;2010;184.8
3538204;Pinhalzinho - SP;2010;154.5
3538303;Piquerobi - SP;2010;482.6
3538501;Piquete - SP;2010;176.0
3538600;Piracaia - SP;2010;385.0
3538709;Piracicaba - SP;2010;1376.9
3538808;Piraju - SP;2010;504.5
3538907;Pirajuí - SP;2010;824.2
3539004;Pirangi - SP;2010;215.5
3539103;Pirapora do Bom Jesus - SP;2010;108.8
3539202;Pirapozinho - SP;2010;479.6
3539301;Pirassununga - SP;2010;727.1
3539400;Piratininga - SP;2010;402.4
3539509;Pitangueiras - SP;2010;430.6
3539608;Planalto - SP;2010;290.1
3539707;Platina - SP;2010;326.7
3539806;Poá - SP;2010;17.1
3539905;Poloni - SP;2010;133.5
3540002;Pompéia - SP;2010;784.1
3540101;Pongaí - SP;2010;183.3
3540200;Pontal - SP;2010;356.3
3540259;Pontalinda - SP;2010;210.2
3540309;Pontes Gestal - SP;2010;217.4
3540408;Populina - SP;2010;315.9
3540507;Porangaba - SP;2010;265.7
3540606;Porto Feliz - SP;2010;557.1
3540705;Porto Ferreira - SP;2010;244.9
3540754;Potim - SP;2010;44.5
3540804;Potirendaba - SP;2010;342.4
3540853;Pracinha - SP;2010;62.8
3540903;Pradópolis - SP;2010;167.5
3541000;Praia Grande - SP;2010;147.5
3541059;Pratânia - SP;2010;175.1
3541109;Presidente Alves - SP;2010;287.2
3541208;Presidente Bernardes - SP;2010;752.1
3541307;Presidente Epitácio - SP;2010;1259.1
3541406;Presidente Prudente - SP;2010;562.8
3541505;Presidente Venceslau - SP;2010;756.7
3541604;Promissão - SP;2010;781.5
3541653;Quadra - SP;2010;205.7
3541703;Quatá - SP;2010;651.7
3541802;Queiroz - SP;2010;233.8
3541901;Queluz - SP;2010;249.8
3542008;Quintana - SP;2010;319.6
3542107;Rafard - SP;2010;121.4
3542206;Rancharia - SP;2010;1587.5
3542305;Redenção da Serra - SP;2010;309.4
3542404;Regente Feijó - SP;2010;265.1
3542503;Reginópolis - SP;2010;410.8
3542602;Registro - SP;2010;722.4
3542701;Restinga - SP;2010;245.7
3542800;Ribeira - SP;2010;335.7
3542909;Ribeirão Bonito - SP;2010;471.6
3543006;Ribeirão Branco - SP;2010;697.5
3543105;Ribeirão Corrente - SP;2010;148.3
3543204;Ribeirão do Sul - SP;2010;203.7
3543238;Ribeirão dos Índios - SP;2010;196.3
3543253;Ribeirão Grande - SP;2010;333.4
3543303;Ribeirão Pires - SP;2010;98.8
3543402;Ribeirão Preto - SP;2010;651.3
3543501;Riversul - SP;2010;386.2
3543600;Rifaina - SP;2010;162.5
3543709;Rincão - SP;2010;315.9
3543808;Rinópolis - SP;2010;358.3
3543907;Rio Claro - SP;2010;498.7
3544004;Rio das Pedras - SP;2010;226.7
3544103;Rio Grande da Serra - SP;2010;36.9
3544202;Riolândia - SP;2010;633.4
3544251;Rosana - SP;2010;742.9
3544301;Roseira - SP;2010;130.7
3544400;Rubiácea - SP;2010;236.9
3544509;Rubinéia - SP;2010;236.9
3544608;Sabino - SP;2010;310.9
3544707;Sagres - SP;2010;147.8
3544806;Sales - SP;2010;308.5
3544905;Sales Oliveira - SP;2010;305.6
3545001;Salesópolis - SP;2010;425.0
3545100;Salmourão - SP;2010;172.3
3545159;Saltinho - SP;2010;99.7
3545209;Salto - SP;2010;133.2
3545308;Salto de Pirapora - SP;2010;280.5
3545407;Salto Grande - SP;2010;188.4
3545506;Sandovalina - SP;2010;455.1
3545605;Santa Adélia - SP;2010;330.9
3545704;Santa Albertina - SP;2010;272.8
3545803;Santa Bárbara d'Oeste - SP;2010;271.5
3546009;Santa Branca - SP;2010;275.3
3546108;Santa Clara d'Oeste - SP;2010;183.4
3546207;Santa Cruz da Conceição - SP;2010;150.1
3546256;Santa Cruz da Esperança - SP;2010;148.1
3546306;Santa Cruz das Palmeiras - SP;2010;295.3
3546405;Santa Cruz do Rio Pardo - SP;2010;1113.5
3546504;Santa Ernestina - SP;2010;134.4
3546603;Santa Fé do Sul - SP;2010;208.2
3546702;Santa Gertrudes - SP;2010;98.0
3546801;Santa Isabel - SP;2010;362.7
3546900;Santa Lúcia - SP;2010;154.0
3547007;Santa Maria da Serra - SP;2010;257.2
3547106;Santa Mercedes - SP;2010;166.9
3547205;Santana da Ponte Pensa - SP;2010;130.3
3547304;Santana de Parnaíba - SP;2010;179.8
3547403;Santa Rita d'Oeste - SP;2010;210.1
3547502;Santa Rita do Passa Quatro - SP;2010;754.1
3547601;Santa Rosa de Viterbo - SP;2010;288.6
3547650;Santa Salete - SP;2010;79.4
3547700;Santo Anastácio - SP;2010;552.5
3547809;Santo André - SP;2010;174.9
3547908;Santo Antônio da Alegria - SP;2010;310.3
3548005;Santo Antônio de Posse - SP;2010;154.0
3548054;Santo Antônio do Aracanguá - SP;2010;1308.2
3548104;Santo Antônio do Jardim - SP;2010;110.0
3548203;Santo Antônio do Pinhal - SP;2010;133.0
3548302;Santo Expedito - SP;2010;94.4
3548401;Santópolis do Aguapeí - SP;2010;127.9
3548500;Santos - SP;2010;281.1
3548609;São Bento do Sapucaí - SP;2010;252.6
3548708;São Bernardo do Campo - SP;2010;408.8
3548807;São Caetano do Sul - SP;2010;15.4
3548906;São Carlos - SP;2010;1137.3
3549003;São Francisco - SP;2010;75.6
3549102;São João da Boa Vista - SP;2010;516.4
3549201;São João das Duas Pontes - SP;2010;129.3
3549250;São João de Iracema - SP;2010;178.6
3549300;São João do Pau d'Alho - SP;2010;117.7
3549409;São Joaquim da Barra - SP;2010;410.6
3549508;São José da Bela Vista - SP;2010;277.0
3549607;São José do Barreiro - SP;2010;571.0
3549706;São José do Rio Pardo - SP;2010;419.2
3549805;São José do Rio Preto - SP;2010;431.3
3549904;São José dos Campos - SP;2010;1099.8
3549953;São Lourenço da Serra - SP;2010;186.4
3550001;São Luiz do Paraitinga - SP;2010;617.3
3550100;São Manuel - SP;2010;650.8
3550209;São Miguel Arcanjo - SP;2010;930.3
3550308;São Paulo - SP;2010;1523.3
3550407;São Pedro - SP;2010;611.0
3550506;São Pedro do Turvo - SP;2010;731.8
3550605;São Roque - SP;2010;306.3
3550704;São Sebastião - SP;2010;400.4
3550803;São Sebastião da Grama - SP;2010;252.4
3550902;São Simão - SP;2010;617.2
3551009;São Vicente - SP;2010;148.9
3551108;Sarapuí - SP;2010;352.7
3551207;Sarutaiá - SP;2010;141.6
3551306;Sebastianópolis do Sul - SP;2010;162.9
3551405;Serra Azul - SP;2010;283.0
3551504;Serrana - SP;2010;125.5
3551603;Serra Negra - SP;2010;203.7
3551702;Sertãozinho - SP;2010;402.6
3551801;Sete Barras - SP;2010;1053.5
3551900;Severínia - SP;2010;140.4
3552007;Silveiras - SP;2010;414.8
3552106;Socorro - SP;2010;449.0
3552205;Sorocaba - SP;2010;449.0
3552304;Sud Mennucci - SP;2010;591.3
3552403;Sumaré - SP;2010;153.0
3552502;Suzano - SP;2010;206.6
3552551;Suzanápolis - SP;2010;328.5
3552601;Tabapuã - SP;2010;345.6
3552700;Tabatinga - SP;2010;369.6
3552809;Taboão da Serra - SP;2010;20.3
3552908;Taciba - SP;2010;607.3
3553005;Taguaí - SP;2010;145.3
3553104;Taiaçu - SP;2010;106.6
3553203;Taiúva - SP;2010;132.5
3553302;Tambaú - SP;2010;561.8
3553401;Tanabi - SP;2010;745.8
3553500;Tapiraí - SP;2010;755.1
3553609;Tapiratiba - SP;2010;222.5
3553658;Taquaral - SP;2010;53.9
3553708;Taquaritinga - SP;2010;593.6
3553807;Taquarituba - SP;2010;448.4
3553856;Taquarivaí - SP;2010;231.8
3553906;Tarabai - SP;2010;196.8
3553955;Tarumã - SP;2010;303.2
3554003;Tatuí - SP;2010;523.5
3554102;Taubaté - SP;2010;624.9
3554201;Tejupá - SP;2010;296.3
3554300;Teodoro Sampaio - SP;2010;1556.0
3554409;Terra Roxa - SP;2010;221.5
3554508;Tietê - SP;2010;404.8
3554607;Timburi - SP;2010;196.8
3554656;Torre de Pedra - SP;2010;71.3
3554706;Torrinha - SP;2010;310.7
3554755;Trabiju - SP;2010;63.4
3554805;Tremembé - SP;2010;191.4
3554904;Três Fronteiras - SP;2010;153.1
3554953;Tuiuti - SP;2010;126.7
3555000;Tupã - SP;2010;628.5
3555109;Tupi Paulista - SP;2010;245.3
3555208;Turiúba - SP;2010;153.1
3555307;Turmalina - SP;2010;147.9
3555356;Ubarana - SP;2010;209.6
3555406;Ubatuba - SP;2010;710.8
3555505;Ubirajara - SP;2010;282.4
3555604;Uchoa - SP;2010;252.5
3555703;União Paulista - SP;2010;79.1
3555802;Urânia - SP;2010;208.9
3555901;Uru - SP;2010;147.0
3556008;Urupês - SP;2010;323.7
3556107;Valentim Gentil - SP;2010;149.7
3556206;Valinhos - SP;2010;148.1
3556305;Valparaíso - SP;2010;857.5
3556354;Vargem - SP;2010;142.8
3556404;Vargem Grande do Sul - SP;2010;267.2
3556453;Vargem Grande Paulista - SP;2010;42.1
3556503;Várzea Paulista - SP;2010;34.8
3556602;Vera Cruz - SP;2010;248.1
3556701;Vinhedo - SP;2010;81.6
3556800;Viradouro - SP;2010;217.7
3556909;Vista Alegre do Alto - SP;2010;95.0
3556958;Vitória Brasil - SP;2010;49.7
3557006;Votorantim - SP;2010;183.7
3557105;Votuporanga - SP;2010;424.1
3557154;Zacarias - SP;2010;319.1
3557204;Chavantes - SP;2010;188.1
3557303;Estiva Gerbi - SP;2010;74.2
4100103;Abatiá - PR;2010;228.7
4100202;Adrianópolis - PR;2010;1349.3
4100301;Agudos do Sul - PR;2010;192.2
4100400;Almirante Tamandaré - PR;2010;194.7
4100459;Altamira do Paraná - PR;2010;386.9
4100509;Altônia - PR;2010;661.6
4100608;Alto Paraná - PR;2010;407.7
4100707;Alto Piquiri - PR;2010;447.7
4100806;Alvorada do Sul - PR;2010;424.3
4100905;Amaporã - PR;2010;384.7
4101002;Ampére - PR;2010;298.4
4101051;Anahy - PR;2010;102.6
4101101;Andirá - PR;2010;236.1
4101150;Ângulo - PR;2010;106.0
4101200;Antonina - PR;2010;882.3
4101309;Antônio Olinto - PR;2010;469.8
4101408;Apucarana - PR;2010;558.4
4101507;Arapongas - PR;2010;381.1
4101606;Arapoti - PR;2010;1360.5
4101655;Arapuã - PR;2010;218.0
4101705;Araruna - PR;2010;493.2
4101804;Araucária - PR;2010;469.2
4101853;Ariranha do Ivaí - PR;2010;239.6
4101903;Assaí - PR;2010;440.3
4102000;Assis Chateaubriand - PR;2010;969.6
4102109;Astorga - PR;2010;434.8
4102208;Atalaia - PR;2010;137.7
4102307;Balsa Nova - PR;2010;349.0
4102406;Bandeirantes - PR;2010;445.2
4102505;Barbosa Ferraz - PR;2010;538.6
4102604;Barracão - PR;2010;171.8
4102703;Barra do Jacaré - PR;2010;115.7
4102752;Bela Vista da Caroba - PR;2010;148.1
4102802;Bela Vista do Paraíso - PR;2010;242.7
4102901;Bituruna - PR;2010;1214.9
4103008;Boa Esperança - PR;2010;307.4
4103024;Boa Esperança do Iguaçu - PR;2010;151.8
4103040;Boa Ventura de São Roque - PR;2010;622.2
4103057;Boa Vista da Aparecida - PR;2010;256.3
4103107;Bocaiúva do Sul - PR;2010;826.3
4103156;Bom Jesus do Sul - PR;2010;174.0
4103206;Bom Sucesso - PR;2010;322.8
4103222;Bom Sucesso do Sul - PR;2010;195.9
4103305;Borrazópolis - PR;2010;334.4
4103354;Braganey - PR;2010;343.3
4103370;Brasilândia do Sul - PR;2010;291.0
4103404;Cafeara - PR;2010;185.8
4103453;Cafelândia - PR;2010;271.7
4103479;Cafezal do Sul - PR;2010;335.4
4103503;Califórnia - PR;2010;141.8
4103602;Cambará - PR;2010;366.2
4103701;Cambé - PR;2010;494.7
4103800;Cambira - PR;2010;163.4
4103909;Campina da Lagoa - PR;2010;796.6
4103958;Campina do Simão - PR;2010;448.4
4104006;Campina Grande do Sul - PR;2010;539.0
4104055;Campo Bonito - PR;2010;433.8
4104105;Campo do Tenente - PR;2010;304.5
4104204;Campo Largo - PR;2010;1249.4
4104253;Campo Magro - PR;2010;275.6
4104303;Campo Mourão - PR;2010;757.9
4104402;Cândido de Abreu - PR;2010;1510.2
4104428;Candói - PR;2010;1512.8
4104451;Cantagalo - PR;2010;583.5
4104501;Capanema - PR;2010;418.7
4104600;Capitão Leônidas Marques - PR;2010;275.7
4104659;Carambeí - PR;2010;649.7
4104709;Carlópolis - PR;2010;451.4
4104808;Cascavel - PR;2010;2100.8
4104907;Castro - PR;2010;2531.5
4105003;Catanduvas - PR;2010;581.8
4105102;Centenário do Sul - PR;2010;371.8
4105201;Cerro Azul - PR;2010;1341.2
4105300;Céu Azul - PR;2010;1179.4
4105409;Chopinzinho - PR;2010;959.7
4105508;Cianorte - PR;2010;811.7
4105607;Cidade Gaúcha - PR;2010;403.0
4105706;Clevelândia - PR;2010;704.6
4105805;Colombo - PR;2010;197.4
4105904;Colorado - PR;2010;403.3
4106001;Congonhinhas - PR;2010;536.0
4106100;Conselheiro Mairinck - PR;2010;204.7
4106209;Contenda - PR;2010;299.0
4106308;Corbélia - PR;2010;529.4
4106407;Cornélio Procópio - PR;2010;635.1
4106456;Coronel Domingos Soares - PR;2010;1576.2
4106506;Coronel Vivida - PR;2010;684.4
4106555;Corumbataí do Sul - PR;2010;164.3
4106571;Cruzeiro do Iguaçu - PR;2010;161.9
4106605;Cruzeiro do Oeste - PR;2010;779.2
4106704;Cruzeiro do Sul - PR;2010;259.1
4106803;Cruz Machado - PR;2010;1478.4
4106852;Cruzmaltina - PR;2010;312.3
4106902;Curitiba - PR;2010;435.3
4107009;Curiúva - PR;2010;576.3
4107108;Diamante do Norte - PR;2010;242.9
4107124;Diamante do Sul - PR;2010;359.9
4107157;Diamante D'Oeste - PR;2010;309.1
4107207;Dois Vizinhos - PR;2010;418.6
4107256;Douradina - PR;2010;419.9
4107306;Doutor Camargo - PR;2010;118.3
4107405;Enéas Marques - PR;2010;192.2
4107504;Engenheiro Beltrão - PR;2010;467.5
4107520;Esperança Nova - PR;2010;138.6
4107538;Entre Rios do Oeste - PR;2010;122.1
4107546;Espigão Alto do Iguaçu - PR;2010;326.4
4107553;Farol - PR;2010;289.2
4107603;Faxinal - PR;2010;715.9
4107652;Fazenda Rio Grande - PR;2010;116.7
4107702;Fênix - PR;2010;234.1
4107736;Fernandes Pinheiro - PR;2010;406.5
4107751;Figueira - PR;2010;129.8
4107801;Floraí - PR;2010;191.1
4107850;Flor da Serra do Sul - PR;2010;239.3
4107900;Floresta - PR;2010;158.2
4108007;Florestópolis - PR;2010;246.3
4108106;Flórida - PR;2010;83.0
4108205;Formosa do Oeste - PR;2010;275.7
4108304;Foz do Iguaçu - PR;2010;617.7
4108320;Francisco Alves - PR;2010;321.9
4108403;Francisco Beltrão - PR;2010;735.1
4108452;Foz do Jordão - PR;2010;235.4
4108502;General Carneiro - PR;2010;1070.3
4108551;Godoy Moreira - PR;2010;131.0
4108601;Goioerê - PR;2010;564.2
4108650;Goioxim - PR;2010;702.5
4108700;Grandes Rios - PR;2010;314.2
4108809;Guaíra - PR;2010;560.5
4108908;Guairaçá - PR;2010;493.9
4108957;Guamiranga - PR;2010;244.8
4109005;Guapirama - PR;2010;189.1
4109104;Guaporema - PR;2010;200.2
4109203;Guaraci - PR;2010;211.7
4109302;Guaraniaçu - PR;2010;1225.6
4109401;Guarapuava - PR;2010;3116.3
4109500;Guaraqueçaba - PR;2010;2020.1
4109609;Guaratuba - PR;2010;1325.9
4109658;Honório Serpa - PR;2010;502.2
4109708;Ibaiti - PR;2010;897.7
4109757;Ibema - PR;2010;145.4
4109807;Ibiporã - PR;2010;297.7
4109906;Icaraíma - PR;2010;675.2
4110003;Iguaraçu - PR;2010;165.0
4110052;Iguatu - PR;2010;106.9
4110078;Imbaú - PR;2010;331.3
4110102;Imbituva - PR;2010;756.5
4110201;Inácio Martins - PR;2010;936.9
4110300;Inajá - PR;2010;194.7
4110409;Indianópolis - PR;2010;122.6
4110508;Ipiranga - PR;2010;927.1
4110607;Iporã - PR;2010;647.9
4110656;Iracema do Oeste - PR;2010;81.5
4110706;Irati - PR;2010;999.5
4110805;Iretama - PR;2010;570.5
4110904;Itaguajé - PR;2010;190.4
4110953;Itaipulândia - PR;2010;331.3
4111001;Itambaracá - PR;2010;207.3
4111100;Itambé - PR;2010;243.8
4111209;Itapejara d'Oeste - PR;2010;254.0
4111258;Itaperuçu - PR;2010;314.4
4111308;Itaúna do Sul - PR;2010;128.9
4111407;Ivaí - PR;2010;607.8
4111506;Ivaiporã - PR;2010;431.5
4111555;Ivaté - PR;2010;410.9
4111605;Ivatuba - PR;2010;96.7
4111704;Jaboti - PR;2010;139.3
4111803;Jacarezinho - PR;2010;602.5
4111902;Jaguapitã - PR;2010;475.0
4112009;Jaguariaíva - PR;2010;1453.1
4112108;Jandaia do Sul - PR;2010;187.6
4112207;Janiópolis - PR;2010;335.7
4112306;Japira - PR;2010;188.3
4112405;Japurá - PR;2010;165.2
4112504;Jardim Alegre - PR;2010;405.4
4112603;Jardim Olinda - PR;2010;128.5
4112702;Jataizinho - PR;2010;159.2
4112751;Jesuítas - PR;2010;247.5
4112801;Joaquim Távora - PR;2010;289.2
4112900;Jundiaí do Sul - PR;2010;320.8
4112959;Juranda - PR;2010;349.7
4113007;Jussara - PR;2010;210.9
4113106;Kaloré - PR;2010;193.3
4113205;Lapa - PR;2010;2093.8
4113254;Laranjal - PR;2010;559.4
4113304;Laranjeiras do Sul - PR;2010;672.1
4113403;Leópolis - PR;2010;344.9
4113429;Lidianópolis - PR;2010;158.8
4113452;Lindoeste - PR;2010;361.4
4113502;Loanda - PR;2010;722.5
4113601;Lobato - PR;2010;240.9
4113700;Londrina - PR;2010;1653.3
4113734;Luiziana - PR;2010;908.6
4113759;Lunardelli - PR;2010;199.2
4113809;Lupionópolis - PR;2010;121.1
4113908;Mallet - PR;2010;723.1
4114005;Mamborê - PR;2010;788.1
4114104;Mandaguaçu - PR;2010;294.0
4114203;Mandaguari - PR;2010;335.8
4114302;Mandirituba - PR;2010;379.2
4114351;Manfrinópolis - PR;2010;216.4
4114401;Mangueirinha - PR;2010;1055.5
4114500;Manoel Ribas - PR;2010;571.1
4114609;Marechal Cândido Rondon - PR;2010;748.0
4114708;Maria Helena - PR;2010;486.2
4114807;Marialva - PR;2010;475.6
4114906;Marilândia do Sul - PR;2010;384.4
4115002;Marilena - PR;2010;232.4
4115101;Mariluz - PR;2010;433.2
4115200;Maringá - PR;2010;487.7
4115309;Mariópolis - PR;2010;230.7
4115358;Maripá - PR;2010;283.8
4115408;Marmeleiro - PR;2010;387.7
4115457;Marquinho - PR;2010;511.1
4115507;Marumbi - PR;2010;208.5
4115606;Matelândia - PR;2010;639.7
4115705;Matinhos - PR;2010;117.7
4115739;Mato Rico - PR;2010;394.5
4115754;Mauá da Serra - PR;2010;108.3
4115804;Medianeira - PR;2010;328.7
4115853;Mercedes - PR;2010;200.9
4115903;Mirador - PR;2010;221.7
4116000;Miraselva - PR;2010;90.3
4116059;Missal - PR;2010;324.4
4116109;Moreira Sales - PR;2010;353.8
4116208;Morretes - PR;2010;684.6
4116307;Munhoz de Melo - PR;2010;137.0
4116406;Nossa Senhora das Graças - PR;2010;185.7
4116505;Nova Aliança do Ivaí - PR;2010;131.3
4116604;Nova América da Colina - PR;2010;129.5
4116703;Nova Aurora - PR;2010;474.0
4116802;Nova Cantu - PR;2010;555.5
4116901;Nova Esperança - PR;2010;401.6
4116950;Nova Esperança do Sudoeste - PR;2010;208.5
4117008;Nova Fátima - PR;2010;283.4
4117057;Nova Laranjeiras - PR;2010;1145.5
4117107;Nova Londrina - PR;2010;269.4
4117206;Nova Olímpia - PR;2010;136.3
4117214;Nova Santa Bárbara - PR;2010;71.8
4117222;Nova Santa Rosa - PR;2010;204.7
4117255;Nova Prata do Iguaçu - PR;2010;352.6
4117271;Nova Tebas - PR;2010;545.7
4117297;Novo Itacolomi - PR;2010;161.4
4117305;Ortigueira - PR;2010;2429.6
4117404;Ourizona - PR;2010;176.5
4117453;Ouro Verde do Oeste - PR;2010;293.0
4117503;Paiçandu - PR;2010;170.8
4117602;Palmas - PR;2010;1567.4
4117701;Palmeira - PR;2010;1457.3
4117800;Palmital - PR;2010;817.6
4117909;Palotina - PR;2010;651.2
4118006;Paraíso do Norte - PR;2010;204.6
4118105;Paranacity - PR;2010;348.6
4118204;Paranaguá - PR;2010;826.7
4118303;Paranapoema - PR;2010;175.9
4118402;Paranavaí - PR;2010;1202.3
4118451;Pato Bragado - PR;2010;135.3
4118501;Pato Branco - PR;2010;539.1
4118600;Paula Freitas - PR;2010;420.3
4118709;Paulo Frontin - PR;2010;369.2
4118808;Peabiru - PR;2010;468.6
4118857;Perobal - PR;2010;407.6
4118907;Pérola - PR;2010;240.6
4119004;Pérola d'Oeste - PR;2010;206.0
4119103;Piên - PR;2010;254.9
4119152;Pinhais - PR;2010;60.7
4119202;Pinhalão - PR;2010;220.6
4119251;Pinhal de São Bento - PR;2010;97.5
4119301;Pinhão - PR;2010;2001.6
4119400;Piraí do Sul - PR;2010;1403.1
4119509;Piraquara - PR;2010;227.0
4119608;Pitanga - PR;2010;1663.8
4119657;Pitangueiras - PR;2010;123.2
4119707;Planaltina do Paraná - PR;2010;356.2
4119806;Planalto - PR;2010;345.7
4119905;Ponta Grossa - PR;2010;2067.6
4119954;Pontal do Paraná - PR;2010;199.9
4120002;Porecatu - PR;2010;291.7
4120101;Porto Amazonas - PR;2010;186.6
4120150;Porto Barreiro - PR;2010;361.0
4120200;Porto Rico - PR;2010;217.7
4120309;Porto Vitória - PR;2010;212.4
4120333;Prado Ferreira - PR;2010;153.4
4120358;Pranchita - PR;2010;225.8
4120408;Presidente Castelo Branco - PR;2010;155.7
4120507;Primeiro de Maio - PR;2010;414.4
4120606;Prudentópolis - PR;2010;2308.5
4120655;Quarto Centenário - PR;2010;321.9
4120705;Quatiguá - PR;2010;112.7
4120804;Quatro Barras - PR;2010;181.1
4120853;Quatro Pontes - PR;2010;114.4
4120903;Quedas do Iguaçu - PR;2010;821.5
4121000;Querência do Norte - PR;2010;914.8
4121109;Quinta do Sol - PR;2010;326.2
4121208;Quitandinha - PR;2010;447.0
4121257;Ramilândia - PR;2010;237.2
4121307;Rancho Alegre - PR;2010;167.6
4121356;Rancho Alegre D'Oeste - PR;2010;241.4
4121406;Realeza - PR;2010;353.4
4121505;Rebouças - PR;2010;481.8
4121604;Renascença - PR;2010;425.1
4121703;Reserva - PR;2010;1635.0
4121752;Reserva do Iguaçu - PR;2010;834.2
4121802;Ribeirão Claro - PR;2010;629.2
4121901;Ribeirão do Pinhal - PR;2010;374.7
4122008;Rio Azul - PR;2010;629.7
4122107;Rio Bom - PR;2010;177.8
4122156;Rio Bonito do Iguaçu - PR;2010;746.1
4122172;Rio Branco do Ivaí - PR;2010;382.3
4122206;Rio Branco do Sul - PR;2010;812.3
4122305;Rio Negro - PR;2010;603.2
4122404;Rolândia - PR;2010;460.2
4122503;Roncador - PR;2010;742.1
4122602;Rondon - PR;2010;556.1
4122651;Rosário do Ivaí - PR;2010;371.3
4122701;Sabáudia - PR;2010;190.3
4122800;Salgado Filho - PR;2010;189.3
4122909;Salto do Itararé - PR;2010;200.5
4123006;Salto do Lontra - PR;2010;312.7
4123105;Santa Amélia - PR;2010;78.0
4123204;Santa Cecília do Pavão - PR;2010;110.2
4123303;Santa Cruz de Monte Castelo - PR;2010;442.0
4123402;Santa Fé - PR;2010;276.2
4123501;Santa Helena - PR;2010;758.2
4123600;Santa Inês - PR;2010;138.5
4123709;Santa Isabel do Ivaí - PR;2010;349.5
4123808;Santa Izabel do Oeste - PR;2010;321.2
4123824;Santa Lúcia - PR;2010;116.9
4123857;Santa Maria do Oeste - PR;2010;847.1
4123907;Santa Mariana - PR;2010;427.2
4123956;Santa Mônica - PR;2010;260.0
4124004;Santana do Itararé - PR;2010;251.3
4124020;Santa Tereza do Oeste - PR;2010;326.2
4124053;Santa Terezinha de Itaipu - PR;2010;259.4
4124103;Santo Antônio da Platina - PR;2010;721.5
4124202;Santo Antônio do Caiuá - PR;2010;219.1
4124301;Santo Antônio do Paraíso - PR;2010;165.9
4124400;Santo Antônio do Sudoeste - PR;2010;325.7
4124509;Santo Inácio - PR;2010;306.9
4124608;São Carlos do Ivaí - PR;2010;225.1
4124707;São Jerônimo da Serra - PR;2010;823.8
4124806;São João - PR;2010;388.1
4124905;São João do Caiuá - PR;2010;304.4
4125001;São João do Ivaí - PR;2010;353.3
4125100;São João do Triunfo - PR;2010;720.4
4125209;São Jorge d'Oeste - PR;2010;379.5
4125308;São Jorge do Ivaí - PR;2010;315.1
4125357;São Jorge do Patrocínio - PR;2010;404.7
4125407;São José da Boa Vista - PR;2010;399.7
4125456;São José das Palmeiras - PR;2010;182.4
4125506;São José dos Pinhais - PR;2010;946.4
4125555;São Manoel do Paraná - PR;2010;95.4
4125605;São Mateus do Sul - PR;2010;1342.6
4125704;São Miguel do Iguaçu - PR;2010;851.3
4125753;São Pedro do Iguaçu - PR;2010;308.3
4125803;São Pedro do Ivaí - PR;2010;322.7
4125902;São Pedro do Paraná - PR;2010;250.7
4126009;São Sebastião da Amoreira - PR;2010;228.0
4126108;São Tomé - PR;2010;218.6
4126207;Sapopema - PR;2010;677.6
4126256;Sarandi - PR;2010;103.3
4126272;Saudade do Iguaçu - PR;2010;152.1
4126306;Sengés - PR;2010;1437.4
4126355;Serranópolis do Iguaçu - PR;2010;483.7
4126405;Sertaneja - PR;2010;444.5
4126504;Sertanópolis - PR;2010;505.5
4126603;Siqueira Campos - PR;2010;278.0
4126652;Sulina - PR;2010;170.8
4126678;Tamarana - PR;2010;472.2
4126702;Tamboara - PR;2010;193.3
4126801;Tapejara - PR;2010;591.4
4126900;Tapira - PR;2010;434.4
4127007;Teixeira Soares - PR;2010;902.8
4127106;Telêmaco Borba - PR;2010;1382.9
4127205;Terra Boa - PR;2010;320.9
4127304;Terra Rica - PR;2010;700.6
4127403;Terra Roxa - PR;2010;800.8
4127502;Tibagi - PR;2010;2951.6
4127601;Tijucas do Sul - PR;2010;672.2
4127700;Toledo - PR;2010;1197.0
4127809;Tomazina - PR;2010;591.4
4127858;Três Barras do Paraná - PR;2010;504.2
4127882;Tunas do Paraná - PR;2010;668.5
4127908;Tuneiras do Oeste - PR;2010;698.9
4127957;Tupãssi - PR;2010;310.9
4127965;Turvo - PR;2010;916.5
4128005;Ubiratã - PR;2010;652.6
4128104;Umuarama - PR;2010;1232.8
4128203;União da Vitória - PR;2010;720.2
4128302;Uniflor - PR;2010;94.8
4128401;Uraí - PR;2010;237.8
4128500;Wenceslau Braz - PR;2010;397.9
4128534;Ventania - PR;2010;759.4
4128559;Vera Cruz do Oeste - PR;2010;327.1
4128609;Verê - PR;2010;311.8
4128625;Alto Paraíso - PR;2010;967.8
4128633;Doutor Ulysses - PR;2010;781.5
4128658;Virmond - PR;2010;243.2
4128708;Vitorino - PR;2010;308.3
4128807;Xambrê - PR;2010;359.7
4200051;Abdon Batista - SC;2010;235.6
4200101;Abelardo Luz - SC;2010;955.4
4200200;Agrolândia - SC;2010;207.1
4200309;Agronômica - SC;2010;130.0
4200408;Água Doce - SC;2010;1313.0
4200507;Águas de Chapecó - SC;2010;139.1
4200556;Águas Frias - SC;2010;75.2
4200606;Águas Mornas - SC;2010;326.5
4200705;Alfredo Wagner - SC;2010;732.3
4200754;Alto Bela Vista - SC;2010;103.6
4200804;Anchieta - SC;2010;228.6
4200903;Angelina - SC;2010;499.9
4201000;Anita Garibaldi - SC;2010;588.6
4201109;Anitápolis - SC;2010;542.4
4201208;Antônio Carlos - SC;2010;229.1
4201257;Apiúna - SC;2010;493.5
4201273;Arabutã - SC;2010;132.2
4201307;Araquari - SC;2010;386.1
4201406;Araranguá - SC;2010;303.9
4201505;Armazém - SC;2010;173.5
4201604;Arroio Trinta - SC;2010;94.3
4201653;Arvoredo - SC;2010;90.7
4201703;Ascurra - SC;2010;111.7
4201802;Atalanta - SC;2010;94.5
4201901;Aurora - SC;2010;206.9
4201950;Balneário Arroio do Silva - SC;2010;94.6
4202008;Balneário Camboriú - SC;2010;46.8
4202057;Balneário Barra do Sul - SC;2010;110.5
4202073;Balneário Gaivota - SC;2010;147.5
4202081;Bandeirante - SC;2010;146.3
4202099;Barra Bonita - SC;2010;93.5
4202107;Barra Velha - SC;2010;140.2
4202131;Bela Vista do Toldo - SC;2010;534.6
4202156;Belmonte - SC;2010;93.6
4202206;Benedito Novo - SC;2010;388.2
4202305;Biguaçu - SC;2010;374.5
4202404;Blumenau - SC;2010;519.8
4202438;Bocaina do Sul - SC;2010;513.0
4202453;Bombinhas - SC;2010;33.8
4202503;Bom Jardim da Serra - SC;2010;935.2
4202537;Bom Jesus - SC;2010;63.6
4202578;Bom Jesus do Oeste - SC;2010;67.9
4202602;Bom Retiro - SC;2010;1055.5
4202701;Botuverá - SC;2010;303.0
4202800;Braço do Norte - SC;2010;211.6
4202859;Braço do Trombudo - SC;2010;89.7
4202875;Brunópolis - SC;2010;335.5
4202909;Brusque - SC;2010;283.4
4203006;Caçador - SC;2010;981.9
4203105;Caibi - SC;2010;171.7
4203154;Calmon - SC;2010;639.5
4203204;Camboriú - SC;2010;214.5
4203253;Capão Alto - SC;2010;1335.3
4203303;Campo Alegre - SC;2010;496.1
4203402;Campo Belo do Sul - SC;2010;1027.4
4203501;Campo Erê - SC;2010;478.7
4203600;Campos Novos - SC;2010;1719.2
4203709;Canelinha - SC;2010;151.4
4203808;Canoinhas - SC;2010;1144.8
4203907;Capinzal - SC;2010;243.9
4203956;Capivari de Baixo - SC;2010;53.2
4204004;Catanduvas - SC;2010;198.0
4204103;Caxambu do Sul - SC;2010;140.6
4204152;Celso Ramos - SC;2010;207.4
4204178;Cerro Negro - SC;2010;416.8
4204194;Chapadão do Lageado - SC;2010;124.5
4204202;Chapecó - SC;2010;624.3
4204251;Cocal do Sul - SC;2010;71.2
4204301;Concórdia - SC;2010;797.3
4204350;Cordilheira Alta - SC;2010;83.8
4204400;Coronel Freitas - SC;2010;234.2
4204459;Coronel Martins - SC;2010;107.4
4204509;Corupá - SC;2010;405.0
4204558;Correia Pinto - SC;2010;651.6
4204608;Criciúma - SC;2010;235.6
4204707;Cunha Porã - SC;2010;220.3
4204756;Cunhataí - SC;2010;54.5
4204806;Curitibanos - SC;2010;952.3
4204905;Descanso - SC;2010;285.6
4205001;Dionísio Cerqueira - SC;2010;377.7
4205100;Dona Emma - SC;2010;181.0
4205159;Doutor Pedrinho - SC;2010;375.8
4205175;Entre Rios - SC;2010;105.2
4205191;Ermo - SC;2010;63.9
4205209;Erval Velho - SC;2010;207.2
4205308;Faxinal dos Guedes - SC;2010;339.6
4205357;Flor do Sertão - SC;2010;58.7
4205407;Florianópolis - SC;2010;671.6
4205431;Formosa do Sul - SC;2010;99.6
4205456;Forquilhinha - SC;2010;181.9
4205506;Fraiburgo - SC;2010;546.3
4205555;Frei Rogério - SC;2010;157.8
4205605;Galvão - SC;2010;121.9
4205704;Garopaba - SC;2010;115.6
4205803;Garuva - SC;2010;501.4
4205902;Gaspar - SC;2010;386.4
4206009;Governador Celso Ramos - SC;2010;116.7
4206108;Grão-Pará - SC;2010;336.2
4206207;Gravatal - SC;2010;168.4
4206306;Guabiruba - SC;2010;173.6
4206405;Guaraciaba - SC;2010;330.6
4206504;Guaramirim - SC;2010;268.1
4206603;Guarujá do Sul - SC;2010;100.5
4206652;Guatambú - SC;2010;204.8
4206702;Herval d'Oeste - SC;2010;216.8
4206751;Ibiam - SC;2010;147.3
4206801;Ibicaré - SC;2010;156.1
4206900;Ibirama - SC;2010;246.7
4207007;Içara - SC;2010;294.1
4207106;Ilhota - SC;2010;253.4
4207205;Imaruí - SC;2010;542.2
4207304;Imbituba - SC;2010;182.5
4207403;Imbuia - SC;2010;121.9
4207502;Indaial - SC;2010;430.5
4207577;Iomerê - SC;2010;114.7
4207601;Ipira - SC;2010;155.4
4207650;Iporã do Oeste - SC;2010;202.4
4207684;Ipuaçu - SC;2010;261.4
4207700;Ipumirim - SC;2010;247.1
4207759;Iraceminha - SC;2010;164.4
4207809;Irani - SC;2010;327.0
4207858;Irati - SC;2010;77.5
4207908;Irineópolis - SC;2010;591.3
4208005;Itá - SC;2010;165.5
4208104;Itaiópolis - SC;2010;1295.3
4208203;Itajaí - SC;2010;289.3
4208302;Itapema - SC;2010;59.4
4208401;Itapiranga - SC;2010;280.1
4208450;Itapoá - SC;2010;255.7
4208500;Ituporanga - SC;2010;337.0
4208609;Jaborá - SC;2010;191.1
4208708;Jacinto Machado - SC;2010;428.8
4208807;Jaguaruna - SC;2010;329.4
4208906;Jaraguá do Sul - SC;2010;532.6
4208955;Jardinópolis - SC;2010;68.1
4209003;Joaçaba - SC;2010;232.4
4209102;Joinville - SC;2010;1146.9
4209151;José Boiteux - SC;2010;405.5
4209177;Jupiá - SC;2010;91.7
4209201;Lacerdópolis - SC;2010;68.5
4209300;Lages - SC;2010;2629.8
4209409;Laguna - SC;2010;440.7
4209458;Lajeado Grande - SC;2010;65.9
4209508;Laurentino - SC;2010;79.5
4209607;Lauro Müller - SC;2010;270.5
4209706;Lebon Régis - SC;2010;940.7
4209805;Leoberto Leal - SC;2010;291.2
4209854;Lindóia do Sul - SC;2010;189.6
4209904;Lontras - SC;2010;198.4
4210001;Luiz Alves - SC;2010;260.1
4210035;Luzerna - SC;2010;116.8
4210050;Macieira - SC;2010;260.1
4210100;Mafra - SC;2010;1404.2
4210209;Major Gercino - SC;2010;285.7
4210308;Major Vieira - SC;2010;526.0
4210407;Maracajá - SC;2010;63.4
4210506;Maravilha - SC;2010;169.4
4210555;Marema - SC;2010;103.6
4210605;Massaranduba - SC;2010;373.3
4210704;Matos Costa - SC;2010;432.2
4210803;Meleiro - SC;2010;186.6
4210852;Mirim Doce - SC;2010;336.3
4210902;Modelo - SC;2010;92.7
4211009;Mondaí - SC;2010;201.0
4211058;Monte Carlo - SC;2010;193.8
4211108;Monte Castelo - SC;2010;561.7
4211207;Morro da Fumaça - SC;2010;82.9
4211256;Morro Grande - SC;2010;256.4
4211306;Navegantes - SC;2010;111.5
4211405;Nova Erechim - SC;2010;64.4
4211454;Nova Itaberaba - SC;2010;137.6
4211504;Nova Trento - SC;2010;402.1
4211603;Nova Veneza - SC;2010;293.5
4211652;Novo Horizonte - SC;2010;151.7
4211702;Orleans - SC;2010;549.8
4211751;Otacílio Costa - SC;2010;846.6
4211801;Ouro - SC;2010;212.7
4211850;Ouro Verde - SC;2010;189.3
4211876;Paial - SC;2010;85.8
4211892;Painel - SC;2010;739.8
4211900;Palhoça - SC;2010;395.0
4212007;Palma Sola - SC;2010;331.8
4212056;Palmeira - SC;2010;292.2
4212106;Palmitos - SC;2010;350.7
4212205;Papanduva - SC;2010;759.8
4212239;Paraíso - SC;2010;178.6
4212254;Passo de Torres - SC;2010;95.2
4212270;Passos Maia - SC;2010;614.4
4212304;Paulo Lopes - SC;2010;450.4
4212403;Pedras Grandes - SC;2010;171.8
4212502;Penha - SC;2010;62.0
4212601;Peritiba - SC;2010;96.4
4212700;Petrolândia - SC;2010;306.2
4212809;Balneário Piçarras - SC;2010;99.4
4212908;Pinhalzinho - SC;2010;128.3
4213005;Pinheiro Preto - SC;2010;65.7
4213104;Piratuba - SC;2010;145.7
4213153;Planalto Alegre - SC;2010;62.6
4213203;Pomerode - SC;2010;215.9
4213302;Ponte Alta - SC;2010;566.8
4213351;Ponte Alta do Norte - SC;2010;401.0
4213401;Ponte Serrada - SC;2010;564.0
4213500;Porto Belo - SC;2010;95.8
4213609;Porto União - SC;2010;851.2
4213708;Pouso Redondo - SC;2010;359.5
4213807;Praia Grande - SC;2010;278.6
4213906;Presidente Castello Branco - SC;2010;65.4
4214003;Presidente Getúlio - SC;2010;295.7
4214102;Presidente Nereu - SC;2010;224.7
4214151;Princesa - SC;2010;86.2
4214201;Quilombo - SC;2010;279.3
4214300;Rancho Queimado - SC;2010;286.4
4214409;Rio das Antas - SC;2010;317.2
4214508;Rio do Campo - SC;2010;506.2
4214607;Rio do Oeste - SC;2010;245.6
4214706;Rio dos Cedros - SC;2010;555.7
4214805;Rio do Sul - SC;2010;258.4
4214904;Rio Fortuna - SC;2010;301.9
4215000;Rio Negrinho - SC;2010;908.4
4215059;Rio Rufino - SC;2010;282.6
4215075;Riqueza - SC;2010;190.3
4215109;Rodeio - SC;2010;128.1
4215208;Romelândia - SC;2010;223.8
4215307;Salete - SC;2010;179.3
4215356;Saltinho - SC;2010;156.5
4215406;Salto Veloso - SC;2010;105.0
4215455;Sangão - SC;2010;83.1
4215505;Santa Cecília - SC;2010;1145.3
4215554;Santa Helena - SC;2010;81.0
4215604;Santa Rosa de Lima - SC;2010;203.0
4215653;Santa Rosa do Sul - SC;2010;151.4
4215679;Santa Terezinha - SC;2010;716.3
4215687;Santa Terezinha do Progresso - SC;2010;119.0
4215695;Santiago do Sul - SC;2010;73.6
4215703;Santo Amaro da Imperatriz - SC;2010;345.0
4215752;São Bernardino - SC;2010;145.0
4215802;São Bento do Sul - SC;2010;495.6
4215901;São Bonifácio - SC;2010;461.3
4216008;São Carlos - SC;2010;159.0
4216057;São Cristóvão do Sul - SC;2010;349.0
4216107;São Domingos - SC;2010;383.7
4216206;São Francisco do Sul - SC;2010;493.0
4216255;São João do Oeste - SC;2010;163.7
4216305;São João Batista - SC;2010;220.7
4216354;São João do Itaperiú - SC;2010;151.9
4216404;São João do Sul - SC;2010;182.7
4216503;São Joaquim - SC;2010;1885.6
4216602;São José - SC;2010;151.1
4216701;São José do Cedro - SC;2010;279.6
4216800;São José do Cerrito - SC;2010;946.2
4216909;São Lourenço do Oeste - SC;2010;361.8
4217006;São Ludgero - SC;2010;107.6
4217105;São Martinho - SC;2010;224.5
4217154;São Miguel da Boa Vista - SC;2010;71.9
4217204;São Miguel do Oeste - SC;2010;234.4
4217253;São Pedro de Alcântara - SC;2010;139.6
4217303;Saudades - SC;2010;205.6
4217402;Schroeder - SC;2010;143.6
4217501;Seara - SC;2010;312.5
4217550;Serra Alta - SC;2010;90.4
4217600;Siderópolis - SC;2010;262.7
4217709;Sombrio - SC;2010;142.8
4217758;Sul Brasil - SC;2010;112.7
4217808;Taió - SC;2010;693.0
4217907;Tangará - SC;2010;389.2
4217956;Tigrinhos - SC;2010;57.4
4218004;Tijucas - SC;2010;277.2
4218103;Timbé do Sul - SC;2010;333.6
4218202;Timbó - SC;2010;127.2
4218251;Timbó Grande - SC;2010;596.9
4218301;Três Barras - SC;2010;438.1
4218350;Treviso - SC;2010;157.7
4218400;Treze de Maio - SC;2010;161.1
4218509;Treze Tílias - SC;2010;185.2
4218608;Trombudo Central - SC;2010;108.7
4218707;Tubarão - SC;2010;300.3
4218756;Tunápolis - SC;2010;132.9
4218806;Turvo - SC;2010;233.7
4218855;União do Oeste - SC;2010;93.1
4218905;Urubici - SC;2010;1019.2
4218954;Urupema - SC;2010;353.1
4219002;Urussanga - SC;2010;240.5
4219101;Vargeão - SC;2010;166.4
4219150;Vargem - SC;2010;350.1
4219176;Vargem Bonita - SC;2010;298.6
4219200;Vidal Ramos - SC;2010;339.1
4219309;Videira - SC;2010;377.9
4219358;Vitor Meireles - SC;2010;371.6
4219408;Witmarsum - SC;2010;150.8
4219507;Xanxerê - SC;2010;377.6
4219606;Xavantina - SC;2010;215.1
4219705;Xaxim - SC;2010;294.7
4219853;Zortéa - SC;2010;190.1
4300034;Aceguá - RS;2010;1549.4
4300059;Água Santa - RS;2010;291.8
4300109;Agudo - RS;2010;536.1
4300208;Ajuricaba - RS;2010;323.2
4300307;Alecrim - RS;2010;314.7
4300406;Alegrete - RS;2010;7804.0
4300455;Alegria - RS;2010;172.7
4300471;Almirante Tamandaré do Sul - RS;2010;265.4
4300505;Alpestre - RS;2010;328.8
4300554;Alto Alegre - RS;2010;114.4
4300570;Alto Feliz - RS;2010;79.2
4300604;Alvorada - RS;2010;71.3
4300638;Amaral Ferrador - RS;2010;506.5
4300646;Ametista do Sul - RS;2010;93.5
4300661;André da Rocha - RS;2010;324.3
4300703;Anta Gorda - RS;2010;243.0
4300802;Antônio Prado - RS;2010;347.6
4300851;Arambaré - RS;2010;519.1
4300877;Araricá - RS;2010;35.3
4300901;Aratiba - RS;2010;341.3
4301008;Arroio do Meio - RS;2010;158.0
4301057;Arroio do Sal - RS;2010;120.9
4301073;Arroio do Padre - RS;2010;124.3
4301107;Arroio dos Ratos - RS;2010;425.9
4301206;Arroio do Tigre - RS;2010;318.2
4301305;Arroio Grande - RS;2010;2513.6
4301404;Arvorezinha - RS;2010;271.6
4301503;Augusto Pestana - RS;2010;347.4
4301552;Áurea - RS;2010;158.3
4301602;Bagé - RS;2010;4095.6
4301636;Balneário Pinhal - RS;2010;103.8
4301651;Barão - RS;2010;124.5
4301701;Barão de Cotegipe - RS;2010;260.1
4301750;Barão do Triunfo - RS;2010;436.4
4301800;Barracão - RS;2010;516.3
4301859;Barra do Guarita - RS;2010;64.6
4301875;Barra do Quaraí - RS;2010;1056.1
4301909;Barra do Ribeiro - RS;2010;729.0
4301925;Barra do Rio Azul - RS;2010;147.0
4301958;Barra Funda - RS;2010;60.0
4302006;Barros Cassal - RS;2010;648.9
4302055;Benjamin Constant do Sul - RS;2010;132.4
4302105;Bento Gonçalves - RS;2010;382.0
4302154;Boa Vista das Missões - RS;2010;194.8
4302204;Boa Vista do Buricá - RS;2010;108.7
4302220;Boa Vista do Cadeado - RS;2010;701.1
4302238;Boa Vista do Incra - RS;2010;503.5
4302253;Boa Vista do Sul - RS;2010;94.3
4302303;Bom Jesus - RS;2010;2625.7
4302352;Bom Princípio - RS;2010;88.5
4302378;Bom Progresso - RS;2010;88.7
4302402;Bom Retiro do Sul - RS;2010;102.3
4302451;Boqueirão do Leão - RS;2010;265.4
4302501;Bossoroca - RS;2010;1610.6
4302584;Bozano - RS;2010;201.0
4302600;Braga - RS;2010;129.0
4302659;Brochier - RS;2010;106.7
4302709;Butiá - RS;2010;752.3
4302808;Caçapava do Sul - RS;2010;3047.1
4302907;Cacequi - RS;2010;2370.0
4303004;Cachoeira do Sul - RS;2010;3735.2
4303103;Cachoeirinha - RS;2010;44.0
4303202;Cacique Doble - RS;2010;203.9
4303301;Caibaté - RS;2010;259.7
4303400;Caiçara - RS;2010;189.2
4303509;Camaquã - RS;2010;1679.4
4303558;Camargo - RS;2010;138.1
4303608;Cambará do Sul - RS;2010;1212.5
4303673;Campestre da Serra - RS;2010;538.0
4303707;Campina das Missões - RS;2010;225.8
4303806;Campinas do Sul - RS;2010;276.2
4303905;Campo Bom - RS;2010;60.5
4304002;Campo Novo - RS;2010;222.1
4304101;Campos Borges - RS;2010;226.6
4304200;Candelária - RS;2010;943.9
4304309;Cândido Godói - RS;2010;246.3
4304358;Candiota - RS;2010;933.8
4304408;Canela - RS;2010;253.8
4304507;Canguçu - RS;2010;3525.3
4304606;Canoas - RS;2010;131.1
4304614;Canudos do Vale - RS;2010;81.9
4304622;Capão Bonito do Sul - RS;2010;527.1
4304630;Capão da Canoa - RS;2010;97.1
4304655;Capão do Cipó - RS;2010;1008.7
4304663;Capão do Leão - RS;2010;785.4
4304671;Capivari do Sul - RS;2010;412.8
4304689;Capela de Santana - RS;2010;183.8
4304697;Capitão - RS;2010;74.0
4304705;Carazinho - RS;2010;665.1
4304713;Caraá - RS;2010;294.3
4304804;Carlos Barbosa - RS;2010;228.7
4304853;Carlos Gomes - RS;2010;83.2
4304903;Casca - RS;2010;271.7
4304952;Caseiros - RS;2010;235.7
4305009;Catuípe - RS;2010;583.3
4305108;Caxias do Sul - RS;2010;1644.3
4305116;Centenário - RS;2010;134.3
4305124;Cerrito - RS;2010;451.7
4305132;Cerro Branco - RS;2010;158.8
4305157;Cerro Grande - RS;2010;73.4
4305173;Cerro Grande do Sul - RS;2010;324.8
4305207;Cerro Largo - RS;2010;177.7
4305306;Chapada - RS;2010;684.0
4305355;Charqueadas - RS;2010;216.5
4305371;Charrua - RS;2010;198.1
4305405;Chiapetta - RS;2010;396.6
4305439;Chuí - RS;2010;202.6
4305447;Chuvisca - RS;2010;220.5
4305454;Cidreira - RS;2010;245.9
4305504;Ciríaco - RS;2010;273.9
4305587;Colinas - RS;2010;58.4
4305603;Colorado - RS;2010;285.3
4305702;Condor - RS;2010;465.2
4305801;Constantina - RS;2010;203.0
4305835;Coqueiro Baixo - RS;2010;112.3
4305850;Coqueiros do Sul - RS;2010;275.6
4305871;Coronel Barros - RS;2010;162.9
4305900;Coronel Bicaco - RS;2010;492.1
4305934;Coronel Pilar - RS;2010;105.4
4305959;Cotiporã - RS;2010;172.4
4305975;Coxilha - RS;2010;422.8
4306007;Crissiumal - RS;2010;362.2
4306056;Cristal - RS;2010;681.6
4306072;Cristal do Sul - RS;2010;97.7
4306106;Cruz Alta - RS;2010;1360.4
4306130;Cruzaltense - RS;2010;166.9
4306205;Cruzeiro do Sul - RS;2010;155.6
4306304;David Canabarro - RS;2010;174.9
4306320;Derrubadas - RS;2010;361.3
4306353;Dezesseis de Novembro - RS;2010;216.8
4306379;Dilermando de Aguiar - RS;2010;600.5
4306403;Dois Irmãos - RS;2010;65.2
4306429;Dois Irmãos das Missões - RS;2010;225.7
4306452;Dois Lajeados - RS;2010;133.4
4306502;Dom Feliciano - RS;2010;1356.2
4306551;Dom Pedro de Alcântara - RS;2010;78.2
4306601;Dom Pedrito - RS;2010;5192.1
4306700;Dona Francisca - RS;2010;114.3
4306734;Doutor Maurício Cardoso - RS;2010;252.7
4306759;Doutor Ricardo - RS;2010;108.4
4306767;Eldorado do Sul - RS;2010;509.7
4306809;Encantado - RS;2010;139.2
4306908;Encruzilhada do Sul - RS;2010;3348.3
4306924;Engenho Velho - RS;2010;71.2
4306932;Entre-Ijuís - RS;2010;552.6
4306957;Entre Rios do Sul - RS;2010;120.1
4306973;Erebango - RS;2010;153.1
4307005;Erechim - RS;2010;430.7
4307054;Ernestina - RS;2010;239.1
4307104;Herval - RS;2010;1757.8
4307203;Erval Grande - RS;2010;285.9
4307302;Erval Seco - RS;2010;363.9
4307401;Esmeralda - RS;2010;829.9
4307450;Esperança do Sul - RS;2010;148.4
4307500;Espumoso - RS;2010;783.1
4307559;Estação - RS;2010;100.3
4307609;Estância Velha - RS;2010;52.1
4307708;Esteio - RS;2010;27.7
4307807;Estrela - RS;2010;184.2
4307815;Estrela Velha - RS;2010;281.7
4307831;Eugênio de Castro - RS;2010;419.3
4307864;Fagundes Varela - RS;2010;134.3
4307906;Farroupilha - RS;2010;360.4
4308003;Faxinal do Soturno - RS;2010;169.9
4308052;Faxinalzinho - RS;2010;143.4
4308078;Fazenda Vilanova - RS;2010;84.8
4308102;Feliz - RS;2010;95.4
4308201;Flores da Cunha - RS;2010;273.5
4308250;Floriano Peixoto - RS;2010;168.4
4308300;Fontoura Xavier - RS;2010;583.5
4308409;Formigueiro - RS;2010;582.0
4308433;Forquetinha - RS;2010;93.6
4308458;Fortaleza dos Valos - RS;2010;650.3
4308508;Frederico Westphalen - RS;2010;265.0
4308607;Garibaldi - RS;2010;169.2
4308656;Garruchos - RS;2010;799.9
4308706;Gaurama - RS;2010;204.3
4308805;General Câmara - RS;2010;510.0
4308854;Gentil - RS;2010;184.0
4308904;Getúlio Vargas - RS;2010;286.6
4309001;Giruá - RS;2010;855.9
4309050;Glorinha - RS;2010;323.6
4309100;Gramado - RS;2010;237.8
4309126;Gramado dos Loureiros - RS;2010;131.4
4309159;Gramado Xavier - RS;2010;217.5
4309209;Gravataí - RS;2010;463.5
4309258;Guabiju - RS;2010;148.4
4309308;Guaíba - RS;2010;376.9
4309407;Guaporé - RS;2010;297.7
4309506;Guarani das Missões - RS;2010;290.5
4309555;Harmonia - RS;2010;44.8
4309571;Herveiras - RS;2010;118.3
4309605;Horizontina - RS;2010;232.5
4309654;Hulha Negra - RS;2010;822.9
4309704;Humaitá - RS;2010;134.5
4309753;Ibarama - RS;2010;193.1
4309803;Ibiaçá - RS;2010;348.8
4309902;Ibiraiaras - RS;2010;300.7
4309951;Ibirapuitã - RS;2010;307.0
4310009;Ibirubá - RS;2010;607.5
4310108;Igrejinha - RS;2010;135.9
4310207;Ijuí - RS;2010;689.1
4310306;Ilópolis - RS;2010;116.5
4310330;Imbé - RS;2010;39.4
4310363;Imigrante - RS;2010;73.4
4310405;Independência - RS;2010;357.4
4310413;Inhacorá - RS;2010;114.1
4310439;Ipê - RS;2010;599.2
4310462;Ipiranga do Sul - RS;2010;157.9
4310504;Iraí - RS;2010;182.2
4310538;Itaara - RS;2010;173.0
4310553;Itacurubi - RS;2010;1120.9
4310579;Itapuca - RS;2010;184.3
4310603;Itaqui - RS;2010;3404.1
4310652;Itati - RS;2010;206.9
4310702;Itatiba do Sul - RS;2010;212.2
4310751;Ivorá - RS;2010;122.9
4310801;Ivoti - RS;2010;63.2
4310850;Jaboticaba - RS;2010;128.1
4310876;Jacuizinho - RS;2010;338.5
4310900;Jacutinga - RS;2010;179.3
4311007;Jaguarão - RS;2010;2054.4
4311106;Jaguari - RS;2010;673.4
4311122;Jaquirana - RS;2010;907.9
4311130;Jari - RS;2010;856.5
4311155;Jóia - RS;2010;1235.9
4311205;Júlio de Castilhos - RS;2010;1929.4
4311239;Lagoa Bonita do Sul - RS;2010;108.5
4311254;Lagoão - RS;2010;383.6
4311270;Lagoa dos Três Cantos - RS;2010;138.6
4311304;Lagoa Vermelha - RS;2010;1263.5
4311403;Lajeado - RS;2010;90.1
4311429;Lajeado do Bugre - RS;2010;67.9
4311502;Lavras do Sul - RS;2010;2600.6
4311601;Liberato Salzano - RS;2010;245.6
4311627;Lindolfo Collor - RS;2010;33.0
4311643;Linha Nova - RS;2010;63.7
4311700;Machadinho - RS;2010;334.4
4311718;Maçambará - RS;2010;1682.8
4311734;Mampituba - RS;2010;158.0
4311759;Manoel Viana - RS;2010;1390.7
4311775;Maquiné - RS;2010;621.7
4311791;Maratá - RS;2010;81.2
4311809;Marau - RS;2010;649.3
4311908;Marcelino Ramos - RS;2010;229.6
4311981;Mariana Pimentel - RS;2010;337.8
4312005;Mariano Moro - RS;2010;99.1
4312054;Marques de Souza - RS;2010;125.2
4312104;Mata - RS;2010;311.9
4312138;Mato Castelhano - RS;2010;238.4
4312153;Mato Leitão - RS;2010;45.9
4312179;Mato Queimado - RS;2010;114.6
4312203;Maximiliano de Almeida - RS;2010;208.5
4312252;Minas do Leão - RS;2010;424.3
4312302;Miraguaí - RS;2010;130.4
4312351;Montauri - RS;2010;82.1
4312377;Monte Alegre dos Campos - RS;2010;549.7
4312385;Monte Belo do Sul - RS;2010;68.4
4312401;Montenegro - RS;2010;424.0
4312427;Mormaço - RS;2010;146.1
4312443;Morrinhos do Sul - RS;2010;165.4
4312450;Morro Redondo - RS;2010;244.6
4312476;Morro Reuter - RS;2010;87.6
4312500;Mostardas - RS;2010;1983.0
4312609;Muçum - RS;2010;110.9
4312617;Muitos Capões - RS;2010;1197.9
4312625;Muliterno - RS;2010;111.1
4312658;Não-Me-Toque - RS;2010;361.7
4312674;Nicolau Vergueiro - RS;2010;155.8
4312708;Nonoai - RS;2010;469.3
4312757;Nova Alvorada - RS;2010;149.4
4312807;Nova Araçá - RS;2010;74.4
4312906;Nova Bassano - RS;2010;211.6
4312955;Nova Boa Vista - RS;2010;94.2
4313003;Nova Bréscia - RS;2010;102.8
4313011;Nova Candelária - RS;2010;97.8
4313037;Nova Esperança do Sul - RS;2010;191.0
4313060;Nova Hartz - RS;2010;62.6
4313086;Nova Pádua - RS;2010;103.2
4313102;Nova Palma - RS;2010;313.5
4313201;Nova Petrópolis - RS;2010;291.3
4313300;Nova Prata - RS;2010;258.7
4313334;Nova Ramada - RS;2010;254.8
4313359;Nova Roma do Sul - RS;2010;149.1
4313375;Nova Santa Rita - RS;2010;217.9
4313391;Novo Cabrais - RS;2010;192.3
4313409;Novo Hamburgo - RS;2010;223.8
4313425;Novo Machado - RS;2010;218.7
4313441;Novo Tiradentes - RS;2010;75.4
4313466;Novo Xingu - RS;2010;80.6
4313490;Novo Barreiro - RS;2010;123.6
4313508;Osório - RS;2010;663.6
4313607;Paim Filho - RS;2010;182.2
4313656;Palmares do Sul - RS;2010;949.2
4313706;Palmeira das Missões - RS;2010;1419.4
4313805;Palmitinho - RS;2010;144.0
4313904;Panambi - RS;2010;490.9
4313953;Pantano Grande - RS;2010;841.2
4314001;Paraí - RS;2010;120.4
4314027;Paraíso do Sul - RS;2010;337.8
4314035;Pareci Novo - RS;2010;57.4
4314050;Parobé - RS;2010;108.6
4314068;Passa Sete - RS;2010;304.5
4314076;Passo do Sobrado - RS;2010;265.1
4314100;Passo Fundo - RS;2010;783.4
4314134;Paulo Bento - RS;2010;148.4
4314159;Paverama - RS;2010;171.9
4314175;Pedras Altas - RS;2010;1377.4
4314209;Pedro Osório - RS;2010;608.8
4314308;Pejuçara - RS;2010;414.2
4314407;Pelotas - RS;2010;1610.1
4314423;Picada Café - RS;2010;85.1
4314456;Pinhal - RS;2010;68.2
4314464;Pinhal da Serra - RS;2010;437.4
4314472;Pinhal Grande - RS;2010;477.1
4314498;Pinheirinho do Vale - RS;2010;105.3
4314506;Pinheiro Machado - RS;2010;2249.6
4314555;Pirapó - RS;2010;291.7
4314605;Piratini - RS;2010;3539.7
4314704;Planalto - RS;2010;230.4
4314753;Poço das Antas - RS;2010;65.1
4314779;Pontão - RS;2010;505.7
4314787;Ponte Preta - RS;2010;99.9
4314803;Portão - RS;2010;159.9
4314902;Porto Alegre - RS;2010;496.7
4315008;Porto Lucena - RS;2010;250.1
4315057;Porto Mauá - RS;2010;105.6
4315073;Porto Vera Cruz - RS;2010;113.6
4315107;Porto Xavier - RS;2010;280.5
4315131;Pouso Novo - RS;2010;106.5
4315149;Presidente Lucena - RS;2010;49.4
4315156;Progresso - RS;2010;255.9
4315172;Protásio Alves - RS;2010;172.8
4315206;Putinga - RS;2010;205.1
4315305;Quaraí - RS;2010;3147.6
4315313;Quatro Irmãos - RS;2010;268.0
4315321;Quevedos - RS;2010;543.4
4315354;Quinze de Novembro - RS;2010;223.6
4315404;Redentora - RS;2010;302.7
4315453;Relvado - RS;2010;123.4
4315503;Restinga Sêca - RS;2010;956.1
4315552;Rio dos Índios - RS;2010;237.0
4315602;Rio Grande - RS;2010;2709.5
4315701;Rio Pardo - RS;2010;2050.6
4315750;Riozinho - RS;2010;239.6
4315800;Roca Sales - RS;2010;208.6
4315909;Rodeio Bonito - RS;2010;83.2
4315958;Rolador - RS;2010;295.0
4316006;Rolante - RS;2010;295.6
4316105;Ronda Alta - RS;2010;419.3
4316204;Rondinha - RS;2010;252.2
4316303;Roque Gonzales - RS;2010;346.6
4316402;Rosário do Sul - RS;2010;4369.7
4316428;Sagrada Família - RS;2010;78.3
4316436;Saldanha Marinho - RS;2010;221.6
4316451;Salto do Jacuí - RS;2010;507.4
4316477;Salvador das Missões - RS;2010;94.0
4316501;Salvador do Sul - RS;2010;99.8
4316600;Sananduva - RS;2010;504.6
4316709;Santa Bárbara do Sul - RS;2010;975.5
4316733;Santa Cecília do Sul - RS;2010;199.4
4316758;Santa Clara do Sul - RS;2010;86.6
4316808;Santa Cruz do Sul - RS;2010;733.4
4316907;Santa Maria - RS;2010;1788.1
4316956;Santa Maria do Herval - RS;2010;139.6
4316972;Santa Margarida do Sul - RS;2010;955.3
4317004;Santana da Boa Vista - RS;2010;1420.6
4317103;Sant'Ana do Livramento - RS;2010;6950.4
4317202;Santa Rosa - RS;2010;489.8
4317251;Santa Tereza - RS;2010;72.4
4317301;Santa Vitória do Palmar - RS;2010;5244.4
4317400;Santiago - RS;2010;2413.1
4317509;Santo Ângelo - RS;2010;680.5
4317558;Santo Antônio do Palma - RS;2010;126.1
4317608;Santo Antônio da Patrulha - RS;2010;1049.8
4317707;Santo Antônio das Missões - RS;2010;1710.9
4317756;Santo Antônio do Planalto - RS;2010;203.4
4317806;Santo Augusto - RS;2010;468.1
4317905;Santo Cristo - RS;2010;366.9
4317954;Santo Expedito do Sul - RS;2010;125.7
4318002;São Borja - RS;2010;3616.0
4318051;São Domingos do Sul - RS;2010;79.0
4318101;São Francisco de Assis - RS;2010;2508.5
4318200;São Francisco de Paula - RS;2010;3274.0
4318309;São Gabriel - RS;2010;5023.8
4318408;São Jerônimo - RS;2010;936.4
4318424;São João da Urtiga - RS;2010;171.2
4318432;São João do Polêsine - RS;2010;85.2
4318440;São Jorge - RS;2010;118.1
4318457;São José das Missões - RS;2010;98.1
4318465;São José do Herval - RS;2010;103.1
4318481;São José do Hortêncio - RS;2010;64.1
4318499;São José do Inhacorá - RS;2010;77.8
4318507;São José do Norte - RS;2010;1118.1
4318606;São José do Ouro - RS;2010;334.8
4318614;São José do Sul - RS;2010;59.0
4318622;São José dos Ausentes - RS;2010;1176.7
4318705;São Leopoldo - RS;2010;102.7
4318804;São Lourenço do Sul - RS;2010;2036.1
4318903;São Luiz Gonzaga - RS;2010;1295.7
4319000;São Marcos - RS;2010;256.3
4319109;São Martinho - RS;2010;171.7
4319125;São Martinho da Serra - RS;2010;669.6
4319158;São Miguel das Missões - RS;2010;1229.8
4319208;São Nicolau - RS;2010;485.3
4319307;São Paulo das Missões - RS;2010;223.9
4319356;São Pedro da Serra - RS;2010;35.4
4319364;São Pedro das Missões - RS;2010;80.0
4319372;São Pedro do Butiá - RS;2010;107.6
4319406;São Pedro do Sul - RS;2010;873.6
4319505;São Sebastião do Caí - RS;2010;111.4
4319604;São Sepé - RS;2010;2200.7
4319703;São Valentim - RS;2010;154.2
4319711;São Valentim do Sul - RS;2010;92.2
4319737;São Valério do Sul - RS;2010;108.0
4319752;São Vendelino - RS;2010;32.1
4319802;São Vicente do Sul - RS;2010;1175.2
4319901;Sapiranga - RS;2010;138.3
4320008;Sapucaia do Sul - RS;2010;58.3
4320107;Sarandi - RS;2010;353.4
4320206;Seberi - RS;2010;301.4
4320230;Sede Nova - RS;2010;119.3
4320263;Segredo - RS;2010;247.4
4320305;Selbach - RS;2010;177.6
4320321;Senador Salgado Filho - RS;2010;147.2
4320354;Sentinela do Sul - RS;2010;282.0
4320404;Serafina Corrêa - RS;2010;163.3
4320453;Sério - RS;2010;99.6
4320503;Sertão - RS;2010;439.5
4320552;Sertão Santana - RS;2010;251.8
4320578;Sete de Setembro - RS;2010;130.0
4320602;Severiano de Almeida - RS;2010;167.6
4320651;Silveira Martins - RS;2010;118.4
4320677;Sinimbu - RS;2010;510.1
4320701;Sobradinho - RS;2010;130.4
4320800;Soledade - RS;2010;1213.4
4320859;Tabaí - RS;2010;94.8
4320909;Tapejara - RS;2010;238.8
4321006;Tapera - RS;2010;179.7
4321105;Tapes - RS;2010;806.3
4321204;Taquara - RS;2010;457.9
4321303;Taquari - RS;2010;350.0
4321329;Taquaruçu do Sul - RS;2010;76.8
4321352;Tavares - RS;2010;604.3
4321402;Tenente Portela - RS;2010;338.1
4321436;Terra de Areia - RS;2010;141.8
4321451;Teutônia - RS;2010;178.6
4321469;Tio Hugo - RS;2010;114.2
4321477;Tiradentes do Sul - RS;2010;234.5
4321493;Toropi - RS;2010;203.0
4321501;Torres - RS;2010;160.2
4321600;Tramandaí - RS;2010;144.4
4321626;Travesseiro - RS;2010;81.1
4321634;Três Arroios - RS;2010;148.6
4321667;Três Cachoeiras - RS;2010;251.1
4321709;Três Coroas - RS;2010;185.5
4321808;Três de Maio - RS;2010;422.2
4321832;Três Forquilhas - RS;2010;217.4
4321857;Três Palmeiras - RS;2010;180.6
4321907;Três Passos - RS;2010;268.4
4321956;Trindade do Sul - RS;2010;268.4
4322004;Triunfo - RS;2010;818.8
4322103;Tucunduva - RS;2010;180.8
4322152;Tunas - RS;2010;218.1
4322186;Tupanci do Sul - RS;2010;135.1
4322202;Tupanciretã - RS;2010;2251.9
4322251;Tupandi - RS;2010;59.5
4322301;Tuparendi - RS;2010;307.7
4322327;Turuçu - RS;2010;253.6
4322343;Ubiretama - RS;2010;126.7
4322350;União da Serra - RS;2010;131.0
4322376;Unistalda - RS;2010;602.4
4322400;Uruguaiana - RS;2010;5715.8
4322509;Vacaria - RS;2010;2123.7
4322525;Vale Verde - RS;2010;329.7
4322533;Vale do Sol - RS;2010;328.2
4322541;Vale Real - RS;2010;45.1
4322558;Vanini - RS;2010;64.9
4322608;Venâncio Aires - RS;2010;773.2
4322707;Vera Cruz - RS;2010;309.6
4322806;Veranópolis - RS;2010;289.3
4322855;Vespasiano Corrêa - RS;2010;113.9
4322905;Viadutos - RS;2010;268.4
4323002;Viamão - RS;2010;1497.0
4323101;Vicente Dutra - RS;2010;195.0
4323200;Victor Graeff - RS;2010;238.3
4323309;Vila Flores - RS;2010;107.9
4323358;Vila Lângaro - RS;2010;152.2
4323408;Vila Maria - RS;2010;181.4
4323457;Vila Nova do Sul - RS;2010;507.9
4323507;Vista Alegre - RS;2010;77.5
4323606;Vista Alegre do Prata - RS;2010;119.3
4323705;Vista Gaúcha - RS;2010;88.7
4323754;Vitória das Missões - RS;2010;259.6
4323770;Westfália - RS;2010;64.0
4323804;Xangri-lá - RS;2010;60.7
5000203;Água Clara - MS;2010;11031.1
5000252;Alcinópolis - MS;2010;4399.7
5000609;Amambai - MS;2010;4202.3
5000708;Anastácio - MS;2010;2949.1
5000807;Anaurilândia - MS;2010;3395.4
5000856;Angélica - MS;2010;1273.3
5000906;Antônio João - MS;2010;1145.2
5001003;Aparecida do Taboado - MS;2010;2750.2
5001102;Aquidauana - MS;2010;16957.8
5001243;Aral Moreira - MS;2010;1655.7
5001508;Bandeirantes - MS;2010;3115.7
5001904;Bataguassu - MS;2010;2415.3
5002001;Batayporã - MS;2010;1828.0
5002100;Bela Vista - MS;2010;4892.6
5002159;Bodoquena - MS;2010;2507.3
5002209;Bonito - MS;2010;4934.4
5002308;Brasilândia - MS;2010;5806.9
5002407;Caarapó - MS;2010;2089.6
5002605;Camapuã - MS;2010;6229.6
5002704;Campo Grande - MS;2010;8093.0
5002803;Caracol - MS;2010;2940.3
5002902;Cassilândia - MS;2010;3649.6
5002951;Chapadão do Sul - MS;2010;3851.0
5003108;Corguinho - MS;2010;2639.9
5003157;Coronel Sapucaia - MS;2010;1025.1
5003207;Corumbá - MS;2010;64962.8
5003256;Costa Rica - MS;2010;5371.8
5003306;Coxim - MS;2010;6409.2
5003454;Deodápolis - MS;2010;831.2
5003488;Dois Irmãos do Buriti - MS;2010;2344.6
5003504;Douradina - MS;2010;280.8
5003702;Dourados - MS;2010;4086.2
5003751;Eldorado - MS;2010;1017.8
5003801;Fátima do Sul - MS;2010;315.2
5003900;Figueirão - MS;2010;4882.9
5004007;Glória de Dourados - MS;2010;491.7
5004106;Guia Lopes da Laguna - MS;2010;1210.6
5004304;Iguatemi - MS;2010;2946.5
5004403;Inocência - MS;2010;5776.0
5004502;Itaporã - MS;2010;1321.8
5004601;Itaquiraí - MS;2010;2063.8
5004700;Ivinhema - MS;2010;2010.2
5004809;Japorã - MS;2010;419.4
5004908;Jaraguari - MS;2010;2912.8
5005004;Jardim - MS;2010;2201.5
5005103;Jateí - MS;2010;1928.0
5005152;Juti - MS;2010;1584.5
5005202;Ladário - MS;2010;340.8
5005251;Laguna Carapã - MS;2010;1734.1
5005400;Maracaju - MS;2010;5299.2
5005608;Miranda - MS;2010;5478.8
5005681;Mundo Novo - MS;2010;477.8
5005707;Naviraí - MS;2010;3193.5
5005806;Nioaque - MS;2010;3923.8
5006002;Nova Alvorada do Sul - MS;2010;4019.3
5006200;Nova Andradina - MS;2010;4776.0
5006259;Novo Horizonte do Sul - MS;2010;849.1
5006309;Paranaíba - MS;2010;5402.7
5006358;Paranhos - MS;2010;1309.2
5006408;Pedro Gomes - MS;2010;3651.2
5006606;Ponta Porã - MS;2010;5330.5
5006903;Porto Murtinho - MS;2010;17744.5
5007109;Ribas do Rio Pardo - MS;2010;17308.1
5007208;Rio Brilhante - MS;2010;3987.4
5007307;Rio Negro - MS;2010;1807.7
5007406;Rio Verde de Mato Grosso - MS;2010;8153.9
5007505;Rochedo - MS;2010;1561.1
5007554;Santa Rita do Pardo - MS;2010;6143.1
5007695;São Gabriel do Oeste - MS;2010;3864.7
5007703;Sete Quedas - MS;2010;833.7
5007802;Selvíria - MS;2010;3258.3
5007901;Sidrolândia - MS;2010;5286.4
5007935;Sonora - MS;2010;4075.4
5007950;Tacuru - MS;2010;1785.3
5007976;Taquarussu - MS;2010;1041.1
5008008;Terenos - MS;2010;2844.5
5008305;Três Lagoas - MS;2010;10207.0
5008404;Vicentina - MS;2010;310.2
5100102;Acorizal - MT;2010;840.6
5100201;Água Boa - MT;2010;7537.9
5100250;Alta Floresta - MT;2010;9212.5
5100300;Alto Araguaia - MT;2010;5514.5
5100359;Alto Boa Vista - MT;2010;2240.4
5100409;Alto Garças - MT;2010;3748.1
5100508;Alto Paraguai - MT;2010;1846.3
5100607;Alto Taquari - MT;2010;1416.5
5100805;Apiacás - MT;2010;20379.9
5101001;Araguaiana - MT;2010;6429.4
5101209;Araguainha - MT;2010;688.0
5101258;Araputanga - MT;2010;1600.3
5101308;Arenápolis - MT;2010;416.4
5101407;Aripuanã - MT;2010;24613.0
5101605;Barão de Melgaço - MT;2010;11377.3
5101704;Barra do Bugres - MT;2010;5992.6
5101803;Barra do Garças - MT;2010;9079.0
5101852;Bom Jesus do Araguaia - MT;2010;4274.2
5101902;Brasnorte - MT;2010;15959.1
5102504;Cáceres - MT;2010;24351.4
5102603;Campinápolis - MT;2010;5835.5
5102637;Campo Novo do Parecis - MT;2010;9434.4
5102678;Campo Verde - MT;2010;4782.1
5102686;Campos de Júlio - MT;2010;6801.9
5102694;Canabrava do Norte - MT;2010;3452.7
5102702;Canarana - MT;2010;10854.3
5102793;Carlinda - MT;2010;2156.7
5102850;Castanheira - MT;2010;3703.7
5103007;Chapada dos Guimarães - MT;2010;5983.6
5103056;Cláudia - MT;2010;3850.0
5103106;Cocalinho - MT;2010;16530.6
5103205;Colíder - MT;2010;3093.6
5103254;Colniza - MT;2010;27924.5
5103304;Comodoro - MT;2010;21774.2
5103353;Confresa - MT;2010;5801.4
5103361;Conquista D'Oeste - MT;2010;2672.2
5103379;Cotriguaçu - MT;2010;9460.5
5103403;Cuiabá - MT;2010;3362.8
5103437;Curvelândia - MT;2010;359.8
5103452;Denise - MT;2010;1307.2
5103502;Diamantino - MT;2010;8230.0
5103601;Dom Aquino - MT;2010;2204.2
5103700;Feliz Natal - MT;2010;11462.4
5103809;Figueirópolis D'Oeste - MT;2010;899.4
5103858;Gaúcha do Norte - MT;2010;16930.7
5103908;General Carneiro - MT;2010;3794.9
5103957;Glória D'Oeste - MT;2010;853.8
5104104;Guarantã do Norte - MT;2010;4735.3
5104203;Guiratinga - MT;2010;5061.7
5104500;Indiavaí - MT;2010;603.3
5104526;Ipiranga do Norte - MT;2010;3467.0
5104542;Itanhangá - MT;2010;2898.1
5104559;Itaúba - MT;2010;4528.4
5104609;Itiquira - MT;2010;8722.5
5104807;Jaciara - MT;2010;1653.5
5104906;Jangada - MT;2010;1253.8
5105002;Jauru - MT;2010;1302.1
5105101;Juara - MT;2010;22641.2
5105150;Juína - MT;2010;26395.8
5105176;Juruena - MT;2010;3222.7
5105200;Juscimeira - MT;2010;2206.0
5105234;Lambari D'Oeste - MT;2010;1763.9
5105259;Lucas do Rio Verde - MT;2010;3664.0
5105309;Luciara - MT;2010;4243.1
5105507;Vila Bela da Santíssima Trindade - MT;2010;13421.0
5105580;Marcelândia - MT;2010;12281.2
5105606;Matupá - MT;2010;5238.8
5105622;Mirassol d'Oeste - MT;2010;1076.4
5105903;Nobres - MT;2010;3892.1
5106000;Nortelândia - MT;2010;1348.9
5106109;Nossa Senhora do Livramento - MT;2010;5540.7
5106158;Nova Bandeirantes - MT;2010;9606.3
5106174;Nova Nazaré - MT;2010;4038.1
5106182;Nova Lacerda - MT;2010;4729.9
5106190;Nova Santa Helena - MT;2010;2205.1
5106208;Nova Brasilândia - MT;2010;3281.9
5106216;Nova Canaã do Norte - MT;2010;5966.2
5106224;Nova Mutum - MT;2010;9556.0
5106232;Nova Olímpia - MT;2010;1549.8
5106240;Nova Ubiratã - MT;2010;12706.2
5106257;Nova Xavantina - MT;2010;5667.9
5106265;Novo Mundo - MT;2010;5790.3
5106273;Novo Horizonte do Norte - MT;2010;879.7
5106281;Novo São Joaquim - MT;2010;5035.2
5106299;Paranaíta - MT;2010;4796.0
5106307;Paranatinga - MT;2010;24166.1
5106315;Novo Santo Antônio - MT;2010;4393.8
5106372;Pedra Preta - MT;2010;4108.6
5106422;Peixoto de Azevedo - MT;2010;14257.3
5106455;Planalto da Serra - MT;2010;2455.4
5106505;Poconé - MT;2010;17271.0
5106653;Pontal do Araguaia - MT;2010;2738.6
5106703;Ponte Branca - MT;2010;686.0
5106752;Pontes e Lacerda - MT;2010;8559.8
5106778;Porto Alegre do Norte - MT;2010;3972.1
5106802;Porto dos Gaúchos - MT;2010;6993.8
5106828;Porto Esperidião - MT;2010;5808.2
5106851;Porto Estrela - MT;2010;2062.8
5107008;Poxoréu - MT;2010;6910.1
5107040;Primavera do Leste - MT;2010;5471.7
5107065;Querência - MT;2010;17786.2
5107107;São José dos Quatro Marcos - MT;2010;1289.1
5107156;Reserva do Cabaçal - MT;2010;1337.0
5107180;Ribeirão Cascalheira - MT;2010;11354.8
5107198;Ribeirãozinho - MT;2010;625.6
5107206;Rio Branco - MT;2010;562.8
5107248;Santa Carmem - MT;2010;3855.4
5107263;Santo Afonso - MT;2010;1174.2
5107297;São José do Povo - MT;2010;443.9
5107305;São José do Rio Claro - MT;2010;4536.2
5107354;São José do Xingu - MT;2010;7459.6
5107404;São Pedro da Cipa - MT;2010;343.0
5107578;Rondolândia - MT;2010;12670.8
5107602;Rondonópolis - MT;2010;4159.1
5107701;Rosário Oeste - MT;2010;7648.0
5107743;Santa Cruz do Xingu - MT;2010;5651.7
5107750;Salto do Céu - MT;2010;1752.3
5107768;Santa Rita do Trivelato - MT;2010;4728.2
5107776;Santa Terezinha - MT;2010;6467.4
5107792;Santo Antônio do Leste - MT;2010;3600.7
5107800;Santo Antônio de Leverger - MT;2010;11753.6
5107859;São Félix do Araguaia - MT;2010;16711.9
5107875;Sapezal - MT;2010;13624.2
5107883;Serra Nova Dourada - MT;2010;1500.4
5107909;Sinop - MT;2010;3942.2
5107925;Sorriso - MT;2010;9329.6
5107941;Tabaporã - MT;2010;8317.1
5107958;Tangará da Serra - MT;2010;11391.3
5108006;Tapurah - MT;2010;4510.6
5108055;Terra Nova do Norte - MT;2010;2717.0
5108105;Tesouro - MT;2010;4169.6
5108204;Torixoréu - MT;2010;2399.5
5108303;União do Sul - MT;2010;4581.9
5108352;Vale de São Domingos - MT;2010;1932.8
5108402;Várzea Grande - MT;2010;888.0
5108501;Vera - MT;2010;2963.5
5108600;Vila Rica - MT;2010;7431.1
5108808;Nova Guarita - MT;2010;1114.1
5108857;Nova Marilândia - MT;2010;1939.8
5108907;Nova Maringá - MT;2010;11557.3
5108956;Nova Monte Verde - MT;2010;5248.5
5200050;Abadia de Goiás - GO;2010;146.8
5200100;Abadiânia - GO;2010;1045.1
5200134;Acreúna - GO;2010;1566.0
5200159;Adelândia - GO;2010;115.4
5200175;Água Fria de Goiás - GO;2010;2029.4
5200209;Água Limpa - GO;2010;452.9
5200258;Águas Lindas de Goiás - GO;2010;188.4
5200308;Alexânia - GO;2010;847.9
5200506;Aloândia - GO;2010;102.2
5200555;Alto Horizonte - GO;2010;503.8
5200605;Alto Paraíso de Goiás - GO;2010;2593.9
5200803;Alvorada do Norte - GO;2010;1259.4
5200829;Amaralina - GO;2010;1343.2
5200852;Americano do Brasil - GO;2010;133.6
5200902;Amorinópolis - GO;2010;408.5
5201108;Anápolis - GO;2010;933.2
5201207;Anhanguera - GO;2010;57.0
5201306;Anicuns - GO;2010;979.2
5201405;Aparecida de Goiânia - GO;2010;288.3
5201454;Aparecida do Rio Doce - GO;2010;602.1
5201504;Aporé - GO;2010;2900.2
5201603;Araçu - GO;2010;148.9
5201702;Aragarças - GO;2010;662.9
5201801;Aragoiânia - GO;2010;219.6
5202155;Araguapaz - GO;2010;2193.7
5202353;Arenópolis - GO;2010;1074.6
5202502;Aruanã - GO;2010;3050.3
5202601;Aurilândia - GO;2010;565.3
5202809;Avelinópolis - GO;2010;173.6
5203104;Baliza - GO;2010;1782.6
5203203;Barro Alto - GO;2010;1093.2
5203302;Bela Vista de Goiás - GO;2010;1255.4
5203401;Bom Jardim de Goiás - GO;2010;1899.5
5203500;Bom Jesus de Goiás - GO;2010;1405.1
5203559;Bonfinópolis - GO;2010;122.3
5203575;Bonópolis - GO;2010;1628.5
5203609;Brazabrantes - GO;2010;123.1
5203807;Britânia - GO;2010;1461.2
5203906;Buriti Alegre - GO;2010;895.5
5203939;Buriti de Goiás - GO;2010;199.3
5203962;Buritinópolis - GO;2010;247.0
5204003;Cabeceiras - GO;2010;1127.6
5204102;Cachoeira Alta - GO;2010;1654.6
5204201;Cachoeira de Goiás - GO;2010;422.8
5204250;Cachoeira Dourada - GO;2010;521.1
5204300;Caçu - GO;2010;2251.0
5204409;Caiapônia - GO;2010;8637.9
5204508;Caldas Novas - GO;2010;1596.0
5204557;Caldazinha - GO;2010;250.9
5204607;Campestre de Goiás - GO;2010;273.8
5204656;Campinaçu - GO;2010;1974.4
5204706;Campinorte - GO;2010;1067.2
5204805;Campo Alegre de Goiás - GO;2010;2463.0
5204854;Campo Limpo de Goiás - GO;2010;159.6
5204904;Campos Belos - GO;2010;724.1
5204953;Campos Verdes - GO;2010;441.6
5205000;Carmo do Rio Verde - GO;2010;418.5
5205059;Castelândia - GO;2010;297.4
5205109;Catalão - GO;2010;3821.5
5205208;Caturaí - GO;2010;207.3
5205307;Cavalcante - GO;2010;6953.7
5205406;Ceres - GO;2010;214.3
5205455;Cezarina - GO;2010;415.8
5205471;Chapadão do Céu - GO;2010;2185.1
5205497;Cidade Ocidental - GO;2010;389.9
5205513;Cocalzinho de Goiás - GO;2010;1789.0
5205521;Colinas do Sul - GO;2010;1708.2
5205703;Córrego do Ouro - GO;2010;462.3
5205802;Corumbá de Goiás - GO;2010;1062.0
5205901;Corumbaíba - GO;2010;1883.7
5206206;Cristalina - GO;2010;6162.1
5206305;Cristianópolis - GO;2010;225.4
5206404;Crixás - GO;2010;4661.2
5206503;Cromínia - GO;2010;364.1
5206602;Cumari - GO;2010;570.5
5206701;Damianópolis - GO;2010;415.3
5206800;Damolândia - GO;2010;84.5
5206909;Davinópolis - GO;2010;481.3
5207105;Diorama - GO;2010;687.3
5207253;Doverlândia - GO;2010;3222.9
5207352;Edealina - GO;2010;603.7
5207402;Edéia - GO;2010;1461.5
5207501;Estrela do Norte - GO;2010;301.6
5207535;Faina - GO;2010;1945.7
5207600;Fazenda Nova - GO;2010;1281.4
5207808;Firminópolis - GO;2010;423.6
5207907;Flores de Goiás - GO;2010;3709.4
5208004;Formosa - GO;2010;5811.8
5208103;Formoso - GO;2010;844.3
5208152;Gameleira de Goiás - GO;2010;592.0
5208301;Divinópolis de Goiás - GO;2010;831.0
5208400;Goianápolis - GO;2010;162.4
5208509;Goiandira - GO;2010;564.7
5208608;Goianésia - GO;2010;1547.3
5208707;Goiânia - GO;2010;732.8
5208806;Goianira - GO;2010;209.0
5208905;Goiás - GO;2010;3108.0
5209101;Goiatuba - GO;2010;2475.1
5209150;Gouvelândia - GO;2010;824.3
5209200;Guapó - GO;2010;516.8
5209291;Guaraíta - GO;2010;205.3
5209408;Guarani de Goiás - GO;2010;1229.1
5209457;Guarinos - GO;2010;595.9
5209606;Heitoraí - GO;2010;229.6
5209705;Hidrolândia - GO;2010;943.9
5209804;Hidrolina - GO;2010;580.4
5209903;Iaciara - GO;2010;1550.4
5209937;Inaciolândia - GO;2010;688.4
5209952;Indiara - GO;2010;956.5
5210000;Inhumas - GO;2010;613.2
5210109;Ipameri - GO;2010;4369.0
5210158;Ipiranga de Goiás - GO;2010;241.3
5210208;Iporá - GO;2010;1026.4
5210307;Israelândia - GO;2010;577.5
5210406;Itaberaí - GO;2010;1457.3
5210562;Itaguari - GO;2010;146.6
5210604;Itaguaru - GO;2010;239.7
5210802;Itajá - GO;2010;2091.4
5210901;Itapaci - GO;2010;956.1
5211008;Itapirapuã - GO;2010;2043.7
5211206;Itapuranga - GO;2010;1276.5
5211305;Itarumã - GO;2010;3433.6
5211404;Itauçu - GO;2010;383.8
5211503;Itumbiara - GO;2010;2462.9
5211602;Ivolândia - GO;2010;1257.7
5211701;Jandaia - GO;2010;864.1
5211800;Jaraguá - GO;2010;1849.6
5211909;Jataí - GO;2010;7174.2
5212006;Jaupaci - GO;2010;527.1
5212055;Jesúpolis - GO;2010;122.5
5212105;Joviânia - GO;2010;445.5
5212204;Jussara - GO;2010;4084.1
5212253;Lagoa Santa - GO;2010;458.9
5212303;Leopoldo de Bulhões - GO;2010;480.9
5212501;Luziânia - GO;2010;3961.1
5212600;Mairipotaba - GO;2010;467.4
5212709;Mambaí - GO;2010;880.6
5212808;Mara Rosa - GO;2010;1687.9
5212907;Marzagão - GO;2010;222.4
5212956;Matrinchã - GO;2010;1150.9
5213004;Maurilândia - GO;2010;389.8
5213053;Mimoso de Goiás - GO;2010;1386.9
5213087;Minaçu - GO;2010;2860.7
5213103;Mineiros - GO;2010;9060.1
5213400;Moiporá - GO;2010;460.6
5213509;Monte Alegre de Goiás - GO;2010;3119.8
5213707;Montes Claros de Goiás - GO;2010;2899.2
5213756;Montividiu - GO;2010;1874.2
5213772;Montividiu do Norte - GO;2010;1333.0
5213806;Morrinhos - GO;2010;2846.2
5213855;Morro Agudo de Goiás - GO;2010;282.6
5213905;Mossâmedes - GO;2010;684.5
5214002;Mozarlândia - GO;2010;1734.4
5214051;Mundo Novo - GO;2010;2146.6
5214101;Mutunópolis - GO;2010;955.9
5214408;Nazário - GO;2010;269.1
5214507;Nerópolis - GO;2010;204.2
5214606;Niquelândia - GO;2010;9843.2
5214705;Nova América - GO;2010;212.0
5214804;Nova Aurora - GO;2010;302.7
5214838;Nova Crixás - GO;2010;7298.8
5214861;Nova Glória - GO;2010;413.0
5214879;Nova Iguaçu de Goiás - GO;2010;628.4
5214903;Nova Roma - GO;2010;2136.0
5215009;Nova Veneza - GO;2010;123.4
5215207;Novo Brasil - GO;2010;650.0
5215231;Novo Gama - GO;2010;194.1
5215256;Novo Planalto - GO;2010;1242.7
5215306;Orizona - GO;2010;1972.9
5215405;Ouro Verde de Goiás - GO;2010;208.8
5215504;Ouvidor - GO;2010;413.8
5215603;Padre Bernardo - GO;2010;3138.9
5215652;Palestina de Goiás - GO;2010;1320.7
5215702;Palmeiras de Goiás - GO;2010;1539.7
5215801;Palmelo - GO;2010;59.0
5215900;Palminópolis - GO;2010;387.7
5216007;Panamá - GO;2010;433.8
5216304;Paranaiguara - GO;2010;1153.8
5216403;Paraúna - GO;2010;3779.4
5216452;Perolândia - GO;2010;1029.6
5216809;Petrolina de Goiás - GO;2010;531.3
5216908;Pilar de Goiás - GO;2010;906.6
5217104;Piracanjuba - GO;2010;2405.1
5217203;Piranhas - GO;2010;2047.8
5217302;Pirenópolis - GO;2010;2205.0
5217401;Pires do Rio - GO;2010;1073.4
5217609;Planaltina - GO;2010;2538.2
5217708;Pontalina - GO;2010;1437.0
5218003;Porangatu - GO;2010;4820.5
5218052;Porteirão - GO;2010;603.9
5218102;Portelândia - GO;2010;556.6
5218300;Posse - GO;2010;2024.5
5218391;Professor Jamil - GO;2010;347.5
5218508;Quirinópolis - GO;2010;3786.7
5218607;Rialma - GO;2010;268.5
5218706;Rianápolis - GO;2010;159.3
5218789;Rio Quente - GO;2010;256.0
5218805;Rio Verde - GO;2010;8379.7
5218904;Rubiataba - GO;2010;748.3
5219001;Sanclerlândia - GO;2010;496.8
5219100;Santa Bárbara de Goiás - GO;2010;139.6
5219209;Santa Cruz de Goiás - GO;2010;1109.0
5219258;Santa Fé de Goiás - GO;2010;1169.2
5219308;Santa Helena de Goiás - GO;2010;1141.3
5219357;Santa Isabel - GO;2010;807.2
5219407;Santa Rita do Araguaia - GO;2010;1361.8
5219456;Santa Rita do Novo Destino - GO;2010;956.0
5219506;Santa Rosa de Goiás - GO;2010;164.1
5219605;Santa Tereza de Goiás - GO;2010;794.6
5219704;Santa Terezinha de Goiás - GO;2010;1202.2
5219712;Santo Antônio da Barra - GO;2010;451.6
5219738;Santo Antônio de Goiás - GO;2010;132.8
5219753;Santo Antônio do Descoberto - GO;2010;944.0
5219803;São Domingos - GO;2010;3295.7
5219902;São Francisco de Goiás - GO;2010;415.8
5220009;São João d'Aliança - GO;2010;3327.4
5220058;São João da Paraúna - GO;2010;287.8
5220108;São Luís de Montes Belos - GO;2010;826.0
5220157;São Luiz do Norte - GO;2010;586.1
5220207;São Miguel do Araguaia - GO;2010;6144.4
5220264;São Miguel do Passa Quatro - GO;2010;537.8
5220280;São Patrício - GO;2010;172.0
5220405;São Simão - GO;2010;414.0
5220454;Senador Canedo - GO;2010;245.3
5220504;Serranópolis - GO;2010;5526.7
5220603;Silvânia - GO;2010;2345.9
5220686;Simolândia - GO;2010;348.0
5220702;Sítio d'Abadia - GO;2010;1598.3
5221007;Taquaral de Goiás - GO;2010;204.2
5221080;Teresina de Goiás - GO;2010;774.6
5221197;Terezópolis de Goiás - GO;2010;106.9
5221304;Três Ranchos - GO;2010;282.1
5221403;Trindade - GO;2010;710.7
5221452;Trombas - GO;2010;799.1
5221502;Turvânia - GO;2010;480.8
5221551;Turvelândia - GO;2010;934.0
5221577;Uirapuru - GO;2010;1153.5
5221601;Uruaçu - GO;2010;2141.8
5221700;Uruana - GO;2010;522.5
5221809;Urutaí - GO;2010;626.7
5221858;Valparaíso de Goiás - GO;2010;60.5
5221908;Varjão - GO;2010;519.2
5222005;Vianópolis - GO;2010;954.3
5222054;Vicentinópolis - GO;2010;737.3
5222203;Vila Boa - GO;2010;1060.2
5222302;Vila Propício - GO;2010;2181.6
5300108;Brasília - DF;2010;5787.8
